"WHM Name","WH Name","WH ID","Address","District","State","Capacity(in MT)","Registration Date","Registration Valid Upto","Contact No.","Status","Remarks"
"alla chowdary","SATYAKRISHNA GODOWN","7111149","DO NO 10-36 OPPSITE NAVODHAYA SCHOOL,","Krishna","ANDHRA PRADESH","5000","09-Jul-2025","08-Apr-2030","9052312344","Active",""
"ALLA HARISHA","RANGARAO GODOWN","7110331","DO NO 10-37,","Krishna","ANDHRA PRADESH","5000","08-Jul-2025","07-Jul-2030","9052312344","Active",""
"ALLURI RAJU","Sai Krishna Godowns 2","7100258","NH 216 BAPATLA KARLAPALEM ROAD, KARLAPALEM","Guntur","ANDHRA PRADESH","6250","30-May-2025","29-May-2030","9490742326","Active",""
"ANAPARTI WAREHOUSING COMPLEX PRIVATE LIMITED","ANAPARTI WAREHOUSING COMPLEX PRIVATE LIMITED","6750426","5-260/A, Sri vijayagopala complex","East Godavari","ANDHRA PRADESH","79079","30-Jun-2023","29-Dec-2026","9949754449","Active",""
"ANDHRA PRADESH STATE WAREHOUSING CORPORATION","THOTTAMBEDU","6641070","D.No. 11-29, B.D. Colony","Chittoor","ANDHRA PRADESH","5000","13-Oct-2022","12-Oct-2027","9492357910","Active",""
"ANDHRA PRADESH STATE WAREHOUSING CORPORATION","Thottambedu","6928444","11-29, BD Colony,, Srikalahasti-Madras Road,","Chittoor","ANDHRA PRADESH","4850","10-May-2024","09-May-2029","6301036255","Active",""
"ANDHRA PRADESH STATE WAREHOUSING CORPORATION","APSWC RAJAHMUNDRY (IG)","6696785","Bharathiya Vidhya Bhavan Road, Rajavolu Village, Rajahmundry, Panchayath Offie road, Rajavolu","East Godavari","ANDHRA PRADESH","35000","18-Mar-2023","17-Mar-2028","9573319779","Active",""
"ANDHRA PRADESH STATE WAREHOUSING CORPORATION","APSWC- PARAWADA OWN","6565113","P.S BONANAGI (V), DESAPATRUNIPALEM","Visakhapatnam","ANDHRA PRADESH","10000","28-Mar-2022","27-Mar-2027","8309974273","Active",""
"ANDHRA PRADESH STATE WAREHOUSING CORPORATION","ANANTAPURAMU","6571954","19-664, opp. Market Yard, Gooty Road,","Anantapur","ANDHRA PRADESH","7100","29-Apr-2022","28-Apr-2027","7995557856","Active",""
"ANDHRA PRADESH STATE WAREHOUSING CORPORATION","Tadepalli (Own)","6391641","The Warehouse Manager, A.P. State Warehousing Corporation, K.C. Work Post Office, Krishna Nagar (V), Vijayawada Road,,","Guntur","ANDHRA PRADESH","14100","17-Aug-2021","16-Aug-2026","9989463875","Active",""
"ANDHRA PRADESH STATE WAREHOUSING CORPORATION","DHONE (OWN)","6601116","D.No. 25-134, Kondapeta, Dhone","Kurnool","ANDHRA PRADESH","2100","15-Jul-2022","14-Jul-2027","9989419470","Active",""
"ANDHRA PRADESH STATE WAREHOUSING CORPORATION","BHIMAVARAM-OWN","7125008","D.NO.10-1-16,","West Godavari","ANDHRA PRADESH","15500","06-Aug-2025","05-Aug-2030","9154796121","Active",""
"ANDHRA PRADESH STATE WAREHOUSING CORPORATION","Tenali (SYG)","6538565","Andhra Pradesh State Warehousing Corporation Tenali (SYG), AMC Market Yard, Sultanabad, Tenali.,","Guntur","ANDHRA PRADESH","10000","27-Oct-2021","26-Oct-2026","9989463875","Active",""
"ANDHRA PRADESH STATE WAREHOUSING CORPORATION","APSWC - VEMULAPALLI(IG)","6774277","NEAR GODAVARI EDIBLE OILS, VEMULAPALLI, MANDAPETA MANDAL,","East Godavari","ANDHRA PRADESH","10000","22-Aug-2023","21-Aug-2028","9989463832","Inactive","EFFECTIVE CONTROL EXPIRED"
"ANDHRA PRADESH STATE WAREHOUSING CORPORATION","VEERAVASARAM","7006380","NEAR RAILWAY GATE,","West Godavari","ANDHRA PRADESH","20000","01-Jan-2025","30-Jun-2029","9059793215","Active",""
"ANDHRA PRADESH STATE WAREHOUSING CORPORATION","NARASANNAPETA OWN","3411675","ANDHRA PRADESH STATE WAREHOUSE CORPORATION , A.M.C PREMSIS , JAMMU JUNCTION, NARASANNAPETA ,,","Srikakulam","ANDHRA PRADESH","10000","16-May-2025","15-May-2030","9989476398","Active",""
"ANDHRA PRADESH STATE WAREHOUSING CORPORATION","APSWC - KANCHILI OWN","6615876","Padmatula Road, AGRICULTURAL , MARKET COMMETTIE YARD","Srikakulam","ANDHRA PRADESH","10000","16-Aug-2022","15-Aug-2027","9182299682","Active",""
"ANDHRA PRADESH STATE WAREHOUSING CORPORATION","Amdalavalasa OWN II","7030687","AP State Warehouse Corporation, Agricultural Market Committee","Srikakulam","ANDHRA PRADESH","20000","04-Mar-2025","03-Mar-2030","8328207839","Active",""
"ANDHRA PRADESH STATE WAREHOUSING CORPORATION","PIDUGURALLA","8231044","Survey No. 386, Seetharampuram Mines Road,kondamodu,Piduguralla","Guntur","ANDHRA PRADESH","20000","06-Feb-2025","05-Feb-2030","8977934475","Active",""
"ANDHRA PRADESH STATE WAREHOUSING CORPORATION","APSWC - AMDALAVLASA OWN -I","6733505","INDUSTRIAL ESTATE,","Srikakulam","ANDHRA PRADESH","11800","09-Jun-2023","08-Jun-2028","9989475589","Active",""
"ANDHRA PRADESH STATE WAREHOUSING CORPORATION","APSWC - RAMACHANDRAPURAM (IG)","6776256","CHODAVARAM VILLAGE, RAMACHANDRAPURAM,","East Godavari","ANDHRA PRADESH","10000","29-Aug-2023","28-Feb-2028","8977934469","Inactive","EFFECTIVE CONTROL EXPIRED"
"ANDHRA PRADESH STATE WAREHOUSING CORPORATION","CHITTOR(OWN)","6592117","D NO 10/233, Satya Harichandra Temple, Sudigadu down, Gandhi Road","Chittoor","ANDHRA PRADESH","5800","07-Jun-2022","06-Jun-2027","8179707124","Active",""
"ANDHRA PRADESH STATE WAREHOUSING CORPORATION","Palasa (Own)/Taralakota","6635403","Tarlakota Village, Palasa Mandal,, Palasa Mandal,","Srikakulam","ANDHRA PRADESH","2500","26-Sep-2022","25-Sep-2027","9177382272","Active",""
"ANDHRA PRADESH STATE WAREHOUSING CORPORATION","A.P.STATE WAREHOUSING CORPORATION, NAGAYALANKA","6572945","AMC PREMISES, REMALAVARIPALEM","Krishna","ANDHRA PRADESH","7200","29-Apr-2022","28-Apr-2027","9490849792","Active",""
"ANDHRA PRADESH STATE WAREHOUSING CORPORATION","ELURU","6565022","BESIDES ITI COLLAGE, SATHRAMPADU, INDUSTRIAL EASTATE, ELURU","West Godavari","ANDHRA PRADESH","13375","28-Mar-2022","27-Mar-2027","7995557853","Active",""
"ANDHRA PRADESH STATE WAREHOUSING CORPORATION","SURAMPETA ANR IG","6684278","Surampeta Village, Seethanagaram mandalam","Vizianagaram","ANDHRA PRADESH","25300","17-Feb-2023","16-Feb-2028","8688687744","Inactive","EFFECTIVE CONTROL EXPIRED"
"ANDHRA PRADESH STATE WAREHOUSING CORPORATION","APSWC- BUDUMURU OWN","6859599","BUDUMURU - HIGHWAY, BUDUMURU","Srikakulam","ANDHRA PRADESH","10000","14-Feb-2024","13-Feb-2029","9704553815","Active",""
"ANDHRA PRADESH STATE WAREHOUSING CORPORATION","APSWC -KATRENIKONA (OWN)","7016918","Dr.no 1+150, Market Yard Godown,,","East Godavari","ANDHRA PRADESH","10000","06-Feb-2025","05-Feb-2030","9440665805","Active",""
"ANDHRA PRADESH STATE WAREHOUSING CORPORATION","BALIJIPETA (AMC- OWN)","6839971","BALIJIPETA MADALAM,","Vizianagaram","ANDHRA PRADESH","6672","18-Jan-2024","17-Jan-2029","9492457299","Active",""
"ANDHRA PRADESH STATE WAREHOUSING CORPORATION","Repalle (Own)","6471646","The Warehouse Manager, A.P. State Warehousing Corporation, Isukapalli, REPALLE (OWN),","Guntur","ANDHRA PRADESH","8350","24-Aug-2021","23-Aug-2026","9989447130","Active",""
"ANDHRA PRADESH STATE WAREHOUSING CORPORATION","APSWC- GAJAPATHINAGARAM OWN","6565477","BODASINGPETA (V), BONDAPALLI (MANDALAM)","Vizianagaram","ANDHRA PRADESH","10000","28-Mar-2022","27-Mar-2027","9989450928","Active",""
"ANDHRA PRADESH STATE WAREHOUSING CORPORATION","APSWC - RAZOLE - IG","6826838","SOMPALLI,","East Godavari","ANDHRA PRADESH","10000","26-Dec-2023","25-Dec-2028","8977934470","Inactive","EFFECTIVE CONTROL EXPIRED"
"ANDHRA PRADESH STATE WAREHOUSING CORPORATION","APSWC VEMULAPALLI OWN","6563407","PERA RAMACHANDRAPURAM ROAD, BESIDE PSR POULTRY","East Godavari","ANDHRA PRADESH","30000","22-Mar-2022","21-Mar-2027","9989463832","Active",""
"ANDHRA PRADESH STATE WAREHOUSING CORPORATION","HINDUPUR (OWN)","7069388","D.No. 5-7-120, Behind Market Yard, Rahamatpur, Hindupur","Anantapur","ANDHRA PRADESH","3475","11-Apr-2025","10-Apr-2030","7799557856","Active",""
"ANDHRA PRADESH STATE WAREHOUSING CORPORATION","ALLAGADDA","4331658","D.No.9/961 ,, Nandyala Main Road","Kurnool","ANDHRA PRADESH","7400","12-Mar-2025","11-Mar-2030","9966565738","Active",""
"ANDHRA PRADESH STATE WAREHOUSING CORPORATION","PALASA AMC OWN","3411660","PADMANABHA PURAM, NEAR AMC,MARKET YARD , PALASA,","Srikakulam","ANDHRA PRADESH","10000","12-Mar-2025","11-Mar-2030","9849625634","Active",""
"ANDHRA PRADESH STATE WAREHOUSING CORPORATION","BOGOLE (Own)","6537575","Kapparalla Thippa,, Damavaram","Sri Potti Sriramulu Nellore","ANDHRA PRADESH","18400","25-Oct-2021","24-Oct-2026","9963316166","Active",""
"ANDHRA PRADESH STATE WAREHOUSING CORPORATION","APSWC, EDLAPADU","6371641","Spices park, Vankayalapadu, Edlapadu Mandal","Guntur","ANDHRA PRADESH","10000","17-Aug-2021","16-Aug-2026","9989470768","Active",""
"ANDHRA PRADESH STATE WAREHOUSING CORPORATION","APSWC,PALACOLE","6574560","OPP. GANESH RICE MILL, YALLAVANI GURUVU","West Godavari","ANDHRA PRADESH","12500","13-May-2022","12-May-2027","9989475099","Active",""
"ANDHRA PRADESH STATE WAREHOUSING CORPORATION","GUDUR (OWN)","6540009","D.No. 15-2801, Opp. SKR Govt. Degree Collgee,, Divi palem Panchayat","Sri Potti Sriramulu Nellore","ANDHRA PRADESH","8000","02-Nov-2021","01-Nov-2026","8985862585","Active",""
"ANDHRA PRADESH STATE WAREHOUSING CORPORATION","APSWC KAKINADA OWN","6565204","PORT AREA, NEAR FCI GODOWNS","East Godavari","ANDHRA PRADESH","8000","28-Mar-2022","27-Mar-2027","7995559892","Active",""
"ANDHRA PRADESH STATE WAREHOUSING CORPORATION","KANDUKUR (OWN)","6606339","Near SVIT College, NH-44, KANDUKURU","Anantapur","ANDHRA PRADESH","20000","25-Jul-2022","24-Jul-2027","6281544404","Active",""
"ANDHRA PRADESH STATE WAREHOUSING CORPORATION","APSWC- NARAYANAVLASA OWN","6637110","KOTABOMMALI (MANADALAM),","Srikakulam","ANDHRA PRADESH","10000","28-Sep-2022","27-Mar-2027","9849955697","Active",""
"ANDHRA PRADESH STATE WAREHOUSING CORPORATION","APSWC - NIVAGAM / VASAPA OWN","6650436","MARKET YARD, KOTTURU","Srikakulam","ANDHRA PRADESH","10000","09-Nov-2022","08-Nov-2027","9989475589","Active",""
"ANDHRA PRADESH STATE WAREHOUSING CORPORATION","APSWC Donkinavalasa Own","6550537","Donkinavalasa village,, Badangi Mandal,","Vizianagaram","ANDHRA PRADESH","4600","19-Jan-2022","18-Jan-2027","8688687744","Active",""
"ANDHRA PRADESH STATE WAREHOUSING CORPORATION","NELLORE (OWN)","6619381","D.No. 32/127 , Opp. Govt ITI College,, Venkateswarapuram, Nellore.","Sri Potti Sriramulu Nellore","ANDHRA PRADESH","3600","21-Aug-2022","20-Aug-2027","9912241119","Active",""
"ANDHRA PRADESH STATE WAREHOUSING CORPORATION","APSWC, KAMAVARAPU KOTA","6643597","Jangareddy – Eluru main road, AMC Premises, 14-326, AMC of K.Kota Beside APDCL Sub-Station","West Godavari","ANDHRA PRADESH","10000","25-Oct-2022","24-Apr-2027","7995557853","Active",""
"ANDHRA PRADESH STATE WAREHOUSING CORPORATION","RAVIPADU IG","6684369","JALUMURU MANDALAM,","Srikakulam","ANDHRA PRADESH","20000","17-Feb-2023","16-Feb-2028","8500284929","Inactive","EFFECTIVE CONTROL EXPIRED"
"ANDHRA PRADESH STATE WAREHOUSING CORPORATION","CHIPURUPALLI IG","6684815","KAPUSAMBAM VILLAGE,,","Vizianagaram","ANDHRA PRADESH","10000","20-Feb-2023","19-Feb-2028","9440892656","Inactive","EFFECTIVE CONTROL EXPIRED"
"ANDHRA PRADESH STATE WAREHOUSING CORPORATION","PARAVATHIPURAM IG","6703987","Addapuseela Village,","Vizianagaram","ANDHRA PRADESH","10000","31-Mar-2023","30-Mar-2028","8688687744","Inactive","EFFECTIVE CONTROL EXPIRED"
"ANDHRA PRADESH STATE WAREHOUSING CORPORATION","ONGOLE LOGISTICS PVT LTD (APSWC, THAMMAVARAM-IG)","7020514","THAMMAVARAM VILLAGE, KORISAPADU MANDAL","Prakasam","ANDHRA PRADESH","60000","12-Feb-2025","11-Feb-2030","9494111888","Active",""
"ANDHRA PRADESH STATE WAREHOUSING CORPORATION","APSWC - RAVULAPALEM IG","6779946","podagatlapalli road,","East Godavari","ANDHRA PRADESH","15000","12-Sep-2023","11-Sep-2028","8977934470","Inactive","EFFECTIVE CONTROL EXPIRED"
"ANDHRA PRADESH STATE WAREHOUSING CORPORATION","BETAMCHERLA-IG","6696967","Survey No. 738/2B, H. KOTTALA","Kurnool","ANDHRA PRADESH","4662","20-Mar-2023","19-Mar-2028","7075911787","Inactive","EFFECTIVE CONTROL EXPIRED"
"ANDHRA PRADESH STATE WAREHOUSING CORPORATION","KADAPA-IG","6755011","H.No : 98/73; GANESH GODOWN;, BUGGA AGRAHARAM ; CK DINNE","Y.S.R.","ANDHRA PRADESH","10000","12-Jul-2023","11-Jan-2028","9959765841","Inactive","EFFECTIVE CONTROL EXPIRED"
"ANDHRA PRADESH STATE WAREHOUSING CORPORATION","APSWC-BALABHADRAPURAM(IG)","6925382","Rajanagaram Road,Balabhadrapuram village,","East Godavari","ANDHRA PRADESH","25000","03-May-2024","02-Feb-2028","7995557857","Inactive","EFFECTIVE CONTROL EXPIRED"
"ANDHRA PRADESH STATE WAREHOUSING CORPORATION","Bobbili - IG (Antipeta)","6690937","Seethanagaram Mandal ,, Antipeta Vilage","Vizianagaram","ANDHRA PRADESH","10000","01-Mar-2023","28-Feb-2028","7995559893","Inactive","EFFECTIVE CONTROL EXPIRED"
"ANDHRA PRADESH STATE WAREHOUSING CORPORATION","PALASA IG II (HARINI)","6694897","26/1,2,3, PALASA MANDAL","Srikakulam","ANDHRA PRADESH","10000","15-Mar-2023","14-Mar-2028","9177382272","Inactive","EFFECTIVE CONTROL EXPIRED"
"ANDHRA PRADESH STATE WAREHOUSING CORPORATION","TEKKALI IG","6689855","Mddilodpeta Village, Nandigam Mandalam","Srikakulam","ANDHRA PRADESH","18000","27-Feb-2023","26-Feb-2028","9347653842","Inactive","EFFECTIVE CONTROL EXPIRED"
"ANDHRA PRADESH STATE WAREHOUSING CORPORATION","APSWC - TUNI - IG","6676084","Gavarayya Koneru village, Chepuru ,Tuni Mandal,","East Godavari","ANDHRA PRADESH","10000","20-Jan-2023","19-Jan-2028","9963526010","Inactive","EFFECTIVE CONTROL EXPIRED"
"ANDHRA PRADESH STATE WAREHOUSING CORPORATION","JIYYANAVALASA - IG","6673925","GOTLAM (POST), JIYYANAVALASA VILLAGE","Vizianagaram","ANDHRA PRADESH","10000","17-Jan-2023","16-Jan-2028","9440892656","Inactive","EFFECTIVE CONTROL EXPIRED"
"ANDHRA PRADESH STATE WAREHOUSING CORPORATION","NAIRA IG","6691208","NAIRA VILLAGE (POST), ALIKAM JUNCTION","Srikakulam","ANDHRA PRADESH","19935","01-Mar-2023","28-Feb-2028","9703067442","Inactive","EFFECTIVE CONTROL EXPIRED"
"ANDHRA PRADESH STATE WAREHOUSING CORPORATION","A.P.STATE WAREHOUSING CORPORATION, NAVABPALEM-IG","6679146","NAVABPALEM , ARUGOLANU(VILLAGE), NEAR NAVABPALEM RAILWAY GATE","West Godavari","ANDHRA PRADESH","37584","31-Jan-2023","30-Jan-2028","9912739437","Inactive","EFFECTIVE CONTROL EXPIRED"
"ANDHRA PRADESH STATE WAREHOUSING CORPORATION","APSWC BAIRIPURAM OWN","6564934","MEREKAMUDIDAM (MANDALAM),","Vizianagaram","ANDHRA PRADESH","10000","28-Mar-2022","27-Mar-2027","9440892656","Active",""
"ANDHRA PRADESH STATE WAREHOUSING CORPORATION","TENALI SYG","6625149","Agricultural Market Committee Primises, Tenali","Guntur","ANDHRA PRADESH","7000","31-Aug-2022","30-Aug-2027","9989473495","Active",""
"ANDHRA PRADESH STATE WAREHOUSING CORPORATION","SAMALKOTA-OWN","7108178","Warehouse Manager,APSWC,D.No.1-7-145,Mandal office Area besied VBGRI &opp vimal Drink, IndustrialEstate,Samalkota,","East Godavari","ANDHRA PRADESH","10000","30-Jun-2025","29-Jun-2030","9640405050","Active",""
"ANDHRA PRADESH STATE WAREHOUSING CORPORATION","ANANTAPURAMU","8851030","19-664, OPP: Marketyard,Gooty Road","Anantapur","ANDHRA PRADESH","10000","25-Nov-2024","24-Nov-2029","7995557856","Active",""
"ANDHRA PRADESH STATE WAREHOUSING CORPORATION","SARVIREDDYPALLE","6572853","5/486-2 MADUR ROAD, SARVIREDDIPALLE","Y.S.R.","ANDHRA PRADESH","10000","29-Apr-2022","28-Apr-2027","9966565738","Active",""
"ANDHRA PRADESH STATE WAREHOUSING CORPORATION","BANDEPALLI (Own)","6573307","Opp. SC Colony,, Jatlakonduru","Sri Potti Sriramulu Nellore","ANDHRA PRADESH","10000","29-Apr-2022","28-Apr-2027","7799836384","Active",""
"ANDHRA PRADESH STATE WAREHOUSING CORPORATION","A P STATE WAREHOUSING CORPORATION, NARASARAOPET-I","7063894","OPPOSITE RTC DEPOT,, BESIDE AMC","Guntur","ANDHRA PRADESH","6150","04-Apr-2025","03-Apr-2030","8977934476","Active",""
"ANDHRA PRADESH STATE WAREHOUSING CORPORATION","APSWC, TENALI (OWN)","7021231","D.NO. 31-1-01, BESIDE NEW GOVERNMENT HOSPITAL,, SULTHANABAD, TENALI","Guntur","ANDHRA PRADESH","21980","13-Feb-2025","12-Feb-2030","7995559891","Active",""
"ANDHRA PRADESH STATE WAREHOUSING CORPORATION","TANUKU","6550263","SATYAWADA ROAD, OPP-GOWTHAMI SPINNING MILL","West Godavari","ANDHRA PRADESH","15000","19-Jan-2022","18-Jan-2027","7995557853","Active",""
"ANDHRA PRADESH STATE WAREHOUSING CORPORATION","Andhra Pradesh State Warehousing Corporation, Kotha Majeru","6673388","Movva sub market yard, AMC Premises","Krishna","ANDHRA PRADESH","9500","16-Jan-2023","15-Jan-2028","9989466946","Active",""
"ANDHRA PRADESH STATE WAREHOUSING CORPORATION","PRODDATUR (OWN)","6703359","D.No. 3/1011, YMR COLONY,","Y.S.R.","ANDHRA PRADESH","6300","31-Mar-2023","30-Sep-2027","9966928488","Active",""
"ANDHRA PRADESH STATE WAREHOUSING CORPORATION","APSWC, VELAGALERU","7040314","AMC PREMISES, KANDULAPADU ADDA ROAD,, VELAGALERU (V), G.KONDURU (MANDAL)","Krishna","ANDHRA PRADESH","10000","19-Mar-2025","18-Mar-2030","9154796117","Active",""
"ANDHRA PRADESH STATE WAREHOUSING CORPORATION","Gollaprolu (Own)","9611028","APSWC, Market Yard Godowns,Gollaprolu,","East Godavari","ANDHRA PRADESH","10000","14-Feb-2025","13-Feb-2030","7995559892","Active",""
"ANDHRA PRADESH STATE WAREHOUSING CORPORATION","PONDURU AMC OWN","6932677","AGRICULTURAL MARKET COMMITTEE PREMISES,","Srikakulam","ANDHRA PRADESH","20000","21-May-2024","20-May-2029","9949226434","Active",""
"ANDHRA PRADESH STATE WAREHOUSING CORPORATION","Andhra Pradesh State Warehousing Corporation, Nadikudi (Own)","6567366","D.No. 11/98, Opposite Fathima B.Ed College,, Nadikudi","Guntur","ANDHRA PRADESH","5000","30-Mar-2022","29-Mar-2027","9494412858","Active",""
"ANDHRA PRADESH STATE WAREHOUSING CORPORATION","APSWC, JAGGAIAHPET","8551020","BESIDE MARKET YARD, KODAD ROAD","Krishna","ANDHRA PRADESH","9150","06-Feb-2025","05-Feb-2030","9989470046","Active",""
"ANDHRA PRADESH STATE WAREHOUSING CORPORATION","CHANDRASEKHARAPURAM (Own)","6617401","S.Y.No. 723/2 to 12, 748/1,4 to 9, Beside Tribal Welfare Residential School, Chandrasekharapuram","Sri Potti Sriramulu Nellore","ANDHRA PRADESH","39000","17-Aug-2022","16-Aug-2027","9640405050","Active",""
"ANDHRA PRADESH STATE WAREHOUSING CORPORATION","PILER(OWN)","6571327","D. No. 2/1777, LBS Road , Opp. RTC Busstand","Chittoor","ANDHRA PRADESH","2150","28-Apr-2022","27-Apr-2027","8179809921","Active",""
"ANDHRA PRADESH STATE WAREHOUSING CORPORATION","A.P.State Warehousing Corporation, Chirala","6549992","karamchedu road, Perala","Prakasam","ANDHRA PRADESH","11600","19-Jan-2022","18-Jan-2027","8247629899","Active",""
"ANDHRA PRADESH STATE WAREHOUSING CORPORATION","APSWC-RACHARLA(IG)","7013584","DOORNO 5-83, GAYATRI GODOWNS, PRATHIPADU TO RACHARLA ROAD, RACHARLA","West Godavari","ANDHRA PRADESH","6264","29-Jan-2025","28-Jan-2030","9059793215","Active",""
"ANDHRA PRADESH STATE WAREHOUSING CORPORATION","A.P. STATE WAREHOUSING CORPORATION, BAPATLA (OWN)","7015837","D.NO. 1-1, GBC ROAD,, OPPOSITE WILLIAM BOOTH JUNIOR COLLEGE","Guntur","ANDHRA PRADESH","14800","06-Feb-2025","05-Feb-2030","8977934472","Active",""
"ANDHRA PRADESH STATE WAREHOUSING CORPORATION","GUNTAKAL (own)","6570782","18-330,, Opp: T.V Station, Gooty Road , Guntakal.","Anantapur","ANDHRA PRADESH","1000","26-Apr-2022","25-Apr-2027","6281544404","Active",""
"ANDHRA PRADESH STATE WAREHOUSING CORPORATION","APSWC - SAMALKOTA - IG","6675094","A P STATE WAREHOUSING CORPORATION, JAGGAMMAGIRI PETA,SAMALKOTA,","East Godavari","ANDHRA PRADESH","50000","18-Jan-2023","17-Jul-2027","9989467621","Active",""
"ANDHRA PRADESH STATE WAREHOUSING CORPORATION","RAMESWARAM (PRODDATUR)","7003593","D.No. 20/238-A, Rameswaram, Beside Electrical Sub-Station","Y.S.R.","ANDHRA PRADESH","4000","19-Dec-2024","18-Dec-2029","9959765841","Active",""
"ANDHRA PRADESH STATE WAREHOUSING CORPORATION","Nadakuduru(Own)","3031659","APSWC, Market Yard Godowns,Nadakuduru,","East Godavari","ANDHRA PRADESH","27100","31-Jan-2025","30-Jan-2030","9989450928","Active",""
"ANDHRA PRADESH STATE WAREHOUSING CORPORATION","VEDAYAPALEM","7048143","D.NO. 26/2/1632, A.K.Nagar, Gandhi Nagar Road, Vedaypalem","Sri Potti Sriramulu Nellore","ANDHRA PRADESH","17000","24-Mar-2025","23-Mar-2030","8977934486","Active",""
"ANDHRA PRADESH STATE WAREHOUSING CORPORATION","Andhra Pradesh State Warehousing Corporation, Kandukuru","6571863","Near Chakali gunta, Srinivasa Colony,","Prakasam","ANDHRA PRADESH","12000","29-Apr-2022","28-Apr-2027","9848587067","Active",""
"ANDHRA PRADESH STATE WAREHOUSING CORPORATION","A.P.State Warehousing Corporation, Parchuru","6618037","Opposite Agricultural Market Committee, Inkollu Road, Parchuru","Prakasam","ANDHRA PRADESH","5000","18-Aug-2022","17-Aug-2027","8247629899","Active",""
"ANDHRA PRADESH STATE WAREHOUSING CORPORATION","Sarubujilli OWN","7027535","Agriculture Market Committee , Site,","Srikakulam","ANDHRA PRADESH","10000","28-Feb-2025","27-Feb-2030","8328207839","Active",""
"ANDHRA PRADESH STATE WAREHOUSING CORPORATION","ATMAKUR (OWN)","6606248","D.No. 2-8-6, Nagulapadu Road, Beside AMC godown","Sri Potti Sriramulu Nellore","ANDHRA PRADESH","5000","25-Jul-2022","24-Jul-2027","7893591133","Active",""
"ANDHRA PRADESH STATE WAREHOUSING CORPORATION","KURNOOL (OWN)","6538292","D.No 51/959 , AtoD, Indira gandhi Nagar, Opp. Market yarad","Kurnool","ANDHRA PRADESH","13700","27-Oct-2021","26-Oct-2025","8106668101","Active",""
"ANDHRA PRADESH STATE WAREHOUSING CORPORATION","APSWC DONKINAVALASA OWN","7076409","AP STATE WAREHOUSING CORPORATION,","Vizianagaram","ANDHRA PRADESH","10000","24-Apr-2025","23-Apr-2030","8688687744","Active",""
"ANDHRA PRADESH STATE WAREHOUSING CORPORATION","APSWC BHAMINI OWN","7076136","AP STATEWAREHOUSING CORPORATION, AGRICULTURAL MARKET COMITTEE","Srikakulam","ANDHRA PRADESH","10000","24-Apr-2025","23-Apr-2030","9666635480","Active",""
"ANDHRA PRADESH STATE WAREHOUSING CORPORATION","APSWC SOMPETA OWN","7076490","AP STATE WAREHOUSING CORPORATION, AGRICULTURAL MARKET COMMITEE","Srikakulam","ANDHRA PRADESH","10000","24-Apr-2025","23-Apr-2030","8985401951","Active",""
"ANDHRA PRADESH STATE WAREHOUSING CORPORATION","IPPANAPADU - IG","7052194","A.P STATE WAREHOUSING CORPORATION, RATNABASKARA GODOWNS, NEAR SATTAMMA THALLI TEMPLE, DWARAPUDI TO MANDAPETA MAIN ROAD,,","East Godavari","ANDHRA PRADESH","18000","26-Mar-2025","25-Mar-2030","8125785749","Active",""
"ANDHRA PRADESH STATE WAREHOUSING CORPORATION","KAVALI (OWN)","7041841","D.No. 11-33-949, Vengal rao Nagar,, Kavali","Sri Potti Sriramulu Nellore","ANDHRA PRADESH","19400","20-Mar-2025","19-Mar-2030","8977934481","Active",""
"ANDHRA PRADESH STATE WAREHOUSING CORPORATION","A.P.State Warehousing Corporation, Nadikudi (Own)","7042476","Opp. Fathima B.Ed College,, Nadikudi (Village)","Guntur","ANDHRA PRADESH","14000","20-Mar-2025","19-Mar-2030","8977934476","Active",""
"ANDHRA PRADESH STATE WAREHOUSING CORPORATION","K.L Puram - IG","6672307","Neat , JNTU Junction , Vizianagaram,","Vizianagaram","ANDHRA PRADESH","20000","12-Jan-2023","11-Jan-2028","7893830199","Inactive","EFFECTIVE CONTROL EXPIRED"
"ANDHRA PRADESH STATE WAREHOUSING CORPORATION","BOBBILI - IG ANTIPETA","6688410","SEETHANAGARAM MANDAL,","Vizianagaram","ANDHRA PRADESH","7000","24-Feb-2023","23-Feb-2028","9492457299","Inactive","EFFECTIVE CONTROL EXPIRED"
"ANDHRA PRADESH STATE WAREHOUSING CORPORATION","APSWC - DWARAPUDI (IG)","7096290","MCMR GODOWNS, PERA RAMACHANDRAPURAM ROAD, DWARAPUDI , VEMULAPALLI VILLAGE, MANDAPETA MANDAL, Dr.BR AMBEDKAR KONASEEMA DISTRICT,","East Godavari","ANDHRA PRADESH","45000","27-May-2025","26-May-2030","8977934482","Active",""
"ANDHRA PRADESH STATE WAREHOUSING CORPORATION","APSWC, NARASARAOPET-II","7090897","VINUKONDA ROAD,","Guntur","ANDHRA PRADESH","13500","19-May-2025","18-May-2030","8977934476","Active",""
"ANDHRA PRADESH STATE WAREHOUSING CORPORATION","APSWC - DWARAPUDI (OWN/PEG)","7127079","APSWC, MARKET YARD GODOWN, OPP RAMALINGESWARA PAPER MILL , DWARAPUDI,","East Godavari","ANDHRA PRADESH","15000","08-Aug-2025","07-Aug-2030","8977934482","Active",""
"ANDHRA PRADESH STATE WAREHOUSING CORPORATION","KADAPA (OWN)","7070105","D.No. 16/360, D C Road , Kadapa","Y.S.R.","ANDHRA PRADESH","14000","11-Apr-2025","10-Apr-2030","9966565738","Active",""
"ANDHRA PRADESH STATE WAREHOUSING CORPORATION","APSWC-KALIDINDI(OWN)","7108350","Agricultural Market committee,","Krishna","ANDHRA PRADESH","10000","30-Jun-2025","29-Jun-2030","9912189365","Active",""
"ANDHRA PRADESH STATE WAREHOUSING CORPORATION","A.P.STATE WAREHOUSING CORPORATION, GANNAVARAM","7075682","AGRICULTURE MARKET COMMITTEE, GANNVARAM","Krishna","ANDHRA PRADESH","10000","23-Apr-2025","22-Apr-2030","9154796117","Active",""
"Archana S","Sri Balaji Rural Farmers Warehouse","6651699","Sy.No: 205/3, Muthaloor(V), Rudravaram(M), Kurnool(Dist), AndhraPradesh,","Kurnool","ANDHRA PRADESH","5800","16-Nov-2022","15-Nov-2027","8297892983","Inactive",""
"Archana S","Sri Balaji Rural Farmers warehouse","6777601","PROP : S ARCHANA JILLELLA (V), GOSPADU (M), KURNOOL DIST, ANDHRA PRADESH, 518563","Kurnool","ANDHRA PRADESH","1740","30-Aug-2023","29-May-2028","8297892983","Inactive",""
"Bandaru Venugopal Chowdary","Sree Nettikanti Anjaneya Swamy Rural Farmers Warehouse","6813513","Survey No-195,Bellary Road, Konakondla (V)","Anantapur","ANDHRA PRADESH","5000","12-Dec-2023","11-Dec-2028","9441066395","Inactive","EXPIRED INSURANCE"
"BANGARAMMA INDUSTRIES PRIVATE LIMITED","BANGARAMMA INDUSTRIES PVT LTD","7026099","GOTLAM VILLAGE, BONDAPALLI MANDALAM, VIZIANAGARAM,","Vizianagaram","ANDHRA PRADESH","10000","27-Feb-2025","26-Feb-2030","9848033829","Active",""
"Bapathi Reddy","BLR Rural Godown","6668529","SY No-365/B2,356/2,365/B3 & 365/A2, Situated At Karmalavaripalli Village","Y.S.R.","ANDHRA PRADESH","7506","29-Dec-2022","28-Dec-2027","6281554747","Inactive",""
"BNR RURAL FARMERS WAREHOSUE","BNR Rural Farmers Warehouse","6648091","Sy.No: 464/2, Pedda Chinthakunta(V), Allagadda(M), Kurnool(D), Andhra Pradesh-518543,","Kurnool","ANDHRA PRADESH","6000","31-Oct-2022","30-Oct-2027","9704023568","Active",""
"Central Warehousing Corporation","CW Vijayawada I","6985683","Door no. 18-7-101, kedareswarpet","Krishna","ANDHRA PRADESH","9300","11-Oct-2024","10-Oct-2029","7416287430","Active",""
"Central Warehousing Corporation","CW Gudivada","3250015","Central Warehouse, Pammaru Road, Opposite Andhra Bank, Gudivada","Krishna","ANDHRA PRADESH","40000","19-May-2023","21-May-2028","9490331461","Active",""
"Central Warehousing Corporation","CW Ongole","2390021","Central Warehouse, Throvagunta P.O., Ongole","Prakasam","ANDHRA PRADESH","10000","27-Apr-2023","26-Apr-2028","9440218180","Active",""
"Central Warehousing Corporation","CW Nandyal","3530023","R.S. Road, Nandyal,","Kurnool","ANDHRA PRADESH","43000","15-May-2023","04-Jun-2028","9703394077","Active",""
"Central Warehousing Corporation","CW Nidamanur","3190039","Main Road, Nidamanur,","Krishna","ANDHRA PRADESH","47500","21-May-2023","20-May-2028","8985167781","Active",""
"Central Warehousing Corporation","CW Kaikalur","2550036","Atapaka, Kaikalur, Krishna Dist.","Krishna","ANDHRA PRADESH","20280","18-May-2023","17-May-2028","9493342652","Active",""
"Central Warehousing Corporation","CW Rajhamundry","2310035","CW Jail Road, Sri Ram Nagar Post, Rajhamundry","East Godavari","ANDHRA PRADESH","50000","25-May-2023","24-May-2028","8310257534","Active",""
"Central Warehousing Corporation","CW Duggirala","2830022","Rail pet, Duggirala,","Guntur","ANDHRA PRADESH","10100","30-May-2023","29-May-2028","9440101660","Active",""
"Central Warehousing Corporation","CW Vadlamudi","3290024","Vadlamudi via Tenali,","Guntur","ANDHRA PRADESH","35000","25-May-2023","24-May-2028","9014901580","Active",""
"Central Warehousing Corporation","CW, Cuddapah","6810634","Industrial Estate,RIMS Road, Yerramukka palle,","Y.S.R.","ANDHRA PRADESH","30000","07-Dec-2023","06-Dec-2028","8050288924","Active",""
"Central Warehousing Corporation","CW Nandikotkur","2310022","K.G Road, Beside Market Yard, Nandikotkur","Kurnool","ANDHRA PRADESH","10000","24-Apr-2023","23-Apr-2028","9866411019","Active",""
"Central Warehousing Corporation","CW Vijayawada II","2810011","76-15-8, Opposite Out Agency. Bhavanipuram, Vijayawada","Krishna","ANDHRA PRADESH","15000","21-May-2023","20-May-2028","7416287430","Active",""
"Central Warehousing Corporation","CW Guntur","3130011","Near Chuttugunta, G T Road, guntur","Guntur","ANDHRA PRADESH","27920","30-May-2023","29-May-2028","9848422341","Active",""
"Central Warehousing Corporation","CW Pedakakani","3210034","G T Road, Pedakakani,","Guntur","ANDHRA PRADESH","75500","21-May-2023","20-May-2028","9441208694","Active",""
"Central Warehousing Corporation","CW Rayanapdu","3190028","Central Warehouse, Rayanapadu, Vijayawada Rural","Krishna","ANDHRA PRADESH","64764","02-Jun-2023","01-Dec-2027","8142902992","Active",""
"Central Warehousing Corporation","CW Nellore","4130017","Central Warehouse opposite Govt. ITI College, Venkateswarapuram, Nellore","Sri Potti Sriramulu Nellore","ANDHRA PRADESH","48000","15-Jun-2023","16-Jan-2028","8985372078","Active",""
"Central Warehousing Corporation","CW Adoni","2410037","A.M.C.Road, Adoni,","Kurnool","ANDHRA PRADESH","22520","24-Apr-2023","23-Apr-2028","8121670258","Active",""
"Central Warehousing Corporation","CENTRAL WAREHOUSE, SATTENAPALLI","6720270","CENTRAL WAREHOUSE NEAR MODERN RICE MILL, SATTENAPALLI","Guntur","ANDHRA PRADESH","10000","26-May-2023","25-Nov-2027","8008990281","Active",""
"Central Warehousing Corporation","CW Machilipatnam","2070017","CWC, Chilakalapudi Post, Machilipatnam","Krishna","ANDHRA PRADESH","49030","27-Apr-2023","26-Apr-2028","9866154425","Active",""
"Central Warehousing Corporation","CW,KAKINADA","4010019","New port area, Kakinada,","East Godavari","ANDHRA PRADESH","30000","30-Jun-2023","07-Jan-2028","9866154425","Active",""
"Central Warehousing Corporation","CW, RENIGUNTA","3950015","Airport road,Renigunta,","Chittoor","ANDHRA PRADESH","20000","30-Jun-2023","02-Jan-2028","9440012308","Active",""
"Central Warehousing Corporation","CW Anakapalle","1690021","A M A L College Road, Krishnapuram Colony, Anakapalle","Visakhapatnam","ANDHRA PRADESH","15000","27-Apr-2023","26-Apr-2028","9494974363","Active",""
"Central Warehousing Corporation","CW Tadepalligudem","2350023","Nallajarla Road, Tadepalligudem","West Godavari","ANDHRA PRADESH","72000","23-Apr-2023","22-Apr-2028","9441106494","Active",""
"CHIRANJEEVI PENUMESA","SAI KRISHNA GODOWNS","7102239","NH 216 BAPATLA KARLAPALEM ROAD, KARLAPALEM","Guntur","ANDHRA PRADESH","6250","09-Jun-2025","08-Jun-2030","9490742326","Active",""
"DANTULURI KUMARA VARA SATYANARAYANA RAJU","D.K.V.P.V.SATYANARAYANA RAJU","6731970","Sai Pavan Storages, D No.3-281, Pesupalem,Petani Merka Road,Laxmaneswaram,Narasapuram,","West Godavari","ANDHRA PRADESH","5000","07-Jun-2023","06-Jun-2028","9603966666","Active",""
"Devaragudi Lakshmi","Lakshmi Deepika Farmers Warehouse","6549638","SURVEY NO. 121/B URAVAKONDA ROAD, KONAKONDLA VILL,, VAJRAKARUR-M","Anantapur","ANDHRA PRADESH","5000","10-Jan-2022","09-Jan-2027","7337222719","Active",""
"GANIRAJU PUTTA","PUTTA GANIRAJU","6678338","DNO 1-28 NELATURU ROAD, MAREDUBAKA, MANDAPETA","East Godavari","ANDHRA PRADESH","5000","31-Jan-2023","30-Jan-2028","9849134009","Active",""
"GOTTUMUKKALA RAJU","SAI KRISHNA GODOWNS 6","7100167","NH 216 BAPATLA KARLAPALEM ROAD, KARLAPALEM","Guntur","ANDHRA PRADESH","6250","30-May-2025","29-May-2030","9490742326","Active",""
"GOTTUMUKKALA VARMA","SAI KRISHNA GODOWNS 3","7100340","NH 216, BAPATLA KARLAPALEM ROAD, KARLAPALEM","Guntur","ANDHRA PRADESH","6250","30-May-2025","29-May-2030","9490742326","Active",""
"Gowri Grandhi","Sri Krishna Ware Housing","6541981","rajam pondur road, Palakandyam","Srikakulam","ANDHRA PRADESH","5000","18-Nov-2021","17-Nov-2026","9963145566","Active",""
"Greenizon Agro Tech And Cold Care Private Limited","Greenizon Agro Tech And Cold Care Private Limited","6983340","Survey No.443-1B2B-1-B, Vipparla Village, Rompicherla Mandal, Palnadu District, Rompicherla Mandal, Palnadu District","Krishna","ANDHRA PRADESH","5000","04-Oct-2024","03-Oct-2029","9966282222","Active",""
"Hari vara Kinjarapu","KINJARAPU HARI VARA PRASAD","6678692","K.H.V.Prasad, Kotabommali IG godowns, Peddabammidi panchayat, Nimmada, Kotabommali mandal, srikakulam district, A.P, 532431, K. H. V. Prasad, Nimmada village,Priya agraharam (via), Kotabommali mandal, srikakulam district, A.P, 532431","Srikakulam","ANDHRA PRADESH","10000","31-Jan-2023","30-Apr-2027","9515239999","Active",""
"JANARDHAN D","D N R RURAL FARMER WAREHOUSE","6551881","Sy No. 203, 203/2, Parnapalle Village, Bandiatmakur Mandal","Kurnool","ANDHRA PRADESH","3000","08-Feb-2022","07-Feb-2027","9652888882","Active",""
"Jyothi Swarupa Cold Division Private Limited","Jyothi Swarupa Cold Division Private Limited","7109259","D. No. 5-36 A Kotha Reddy Palem, Chebrolu Mandal,","Guntur","ANDHRA PRADESH","15584","30-Jun-2025","29-Jun-2030","9440531973","Active",""
"JYOTHISWARUPA EXPORTS LLP","Jyothiswarupa Exports LLP","6998645","Sy No-783/1 Rentachintala,","Guntur","ANDHRA PRADESH","9758","28-Nov-2024","27-Nov-2029","9100745777","Active",""
"KAMATAM BABU","SRI LAKSHMI BALAJI WAREHOUSE","6843031","SALEVARI UPPALAPADU VILLAGE,","Y.S.R.","ANDHRA PRADESH","9663","20-Jan-2024","19-Jan-2029","9848487810","Active",""
"Kanumuri Annapurna","ANNAPURNA STORAGES - GODOWN NO: 1","6763650","AI BHIMAVARAM, WEST GODAVARI, ANDHRA PRADESH,","West Godavari","ANDHRA PRADESH","5000","27-Jul-2023","26-Jul-2028","9014113366","Active",""
"Kanumuri Bapi Raju","ANNAPURNA STORAGES - GODOWN NO:6","6758882","AI BHIMAVARAM, WEST GODAVARI,","West Godavari","ANDHRA PRADESH","5000","18-Jul-2023","17-Jul-2028","9676113366","Active",""
"Kanumuri Raju","ANNAPURNA STORAGES GODOWN NO:3","6736920","AI BHIMAVARAM, WEST GODAVARI DISTRICT,","West Godavari","ANDHRA PRADESH","5000","14-Jun-2023","13-Jun-2028","9676113366","Active",""
"Kapu Suresh Reddy","Sri Saraswathi Rural Farmers Warehouse","2491654","S. No. 269, Near Police Station, Yerur Road, Chippagiri","Kurnool","ANDHRA PRADESH","5000","16-Feb-2021","15-Aug-2025","9963000090","Cancelled",""
"Kasi Reddy Singapuru Shakunthala","KASI REDDY RURAL WAREHOUSE","6963276","SY NO 87 Proddatur Road Parlapadu,","Y.S.R.","ANDHRA PRADESH","8100","30-Jul-2024","29-Jul-2029","9441912519","Inactive",""
"KMR Farmers Warehouse","KMR Farmers Warehouse","8311649","Vajrakarur Village and Mandal,","Anantapur","ANDHRA PRADESH","7000","25-Nov-2024","28-Jun-2029","8309471509","Active",""
"KODANDARAMI REDDY KODANDARAMI REDDY","KALIKI KODANDARAMI REDDY","6744304","Survey No. 951 to 953 & 975-1,, Inamadugu Road, Kovur (M),","Sri Potti Sriramulu Nellore","ANDHRA PRADESH","20000","24-Jun-2023","23-Jun-2028","7799984002","Active",""
"KONATHALA COLD STORAGE PRIVATE LIMITED","KONATHALA COLD STORAGE PRIVATE LIMITED","6883532","SY.NO.210,211, NH-5, BAYYAVARAM VILLAGE","Visakhapatnam","ANDHRA PRADESH","7163","12-Mar-2024","11-Mar-2029","9866623357","Active",""
"Kothapeta Narmada","Sri Lakshmi Venkateswara Rural Warehouse","6831424","Sy No 35A1B Burujula Road Maddikera,","Kurnool","ANDHRA PRADESH","5000","04-Jan-2024","03-Jul-2028","9440770082","Active",""
"Koya cold storage private limited","koya cold storage private limited","7117807","suravarapupalle, yaddanapudi","Prakasam","ANDHRA PRADESH","9301","23-Jul-2025","22-Jul-2030","8106672223","Active",""
"KUCCHARLAPATI PARVATHAMMA","K.PARAVATHAMMA","6720999","Kucherlapati Storages,D No.3-282,Pesupalem,PitaniRoad,Lakshmaneswaram,Narasapuram,","West Godavari","ANDHRA PRADESH","5000","26-May-2023","25-May-2028","9491894281","Active",""
"KUCHAMPUDI JHANSI RANI","K.S.C.R. JHANSI RANI","6720817","Ramaraju Warehousing,Door No.5-112,Kuchampudi Estate,at R&B Main Road,Siddapuram Village Akividu Mandalam,","West Godavari","ANDHRA PRADESH","6439","26-May-2023","25-May-2028","9948366633","Active",""
"KUCHAMPUDI MURTHY RAJU","K.R.K.MURTHY RAJU","6719108","Ramaraju Warehousing,Door No.5-111,Kuchampudi Estate,at R&B Main Road,Siddapuram Village,Akividu Maandalam,","West Godavari","ANDHRA PRADESH","5000","24-May-2023","23-May-2028","9948846666","Active",""
"KUPPANAGARI SRIDEVI","KSR RURAL FARMERS WAREHOUSE","6770135","BC COLONY, BHEEMUNIPADU VILLAGE","Y.S.R.","ANDHRA PRADESH","5134","09-Aug-2023","08-Aug-2028","9959849168","Active",""
"Lalitha Kinjarapu","Kinjarapu Lalithakumari","6682207","K. Lalithakumari, Kotabommali ig godowns, Nimmada village, kotabommali mandal, Srikakulam district, A. P, 532430, K. Lalithakumari, w/o K. H. V. Prasad, Door no 0-01, main road, Nimmada village, Kotabommali mandal, srikakulam dist, A. P.,532430","Srikakulam","ANDHRA PRADESH","15000","15-Feb-2023","14-Feb-2028","9515239999","Active",""
"M Jyothi Lakshmi","JL Rural Warehouses","6784177","Survey No-463/2A,3A,4A,5A,6A,7A Situated at APIIC Industrial park Guntakindapalli,","Chittoor","ANDHRA PRADESH","6130","22-Sep-2023","21-Sep-2028","9966561255","Active",""
"M M Rural Farmers Warehouse","MM RURAL FARMERS WARE HOUSE","6706683","K SUNKESULA ROAD, KHAJIPET","Y.S.R.","ANDHRA PRADESH","4900","03-Apr-2023","02-Jul-2026","9966163038","Inactive","EXPIRED INSURANCE"
"M/S B.L.R Farmers Warehouse","B.L.R Farmers Warehouse","6668347","S.No 548/A,B,C,","Y.S.R.","ANDHRA PRADESH","8082","28-Dec-2022","27-Dec-2027","9494827361","Active",""
"M/s SIVA SAIRAM WAREHOUSE","Siva Sairam Warehouse","6672489","Survey No. 24-1 beluguppa Grampolam, Beluguppa Mandal and Post Ananthapuramu","Anantapur","ANDHRA PRADESH","5000","12-Jan-2023","11-Jan-2028","9959997668","Inactive",""
"M/S Sri Krishna Cold Storages","Sri Krishna Cold Storages","6755649","D No-792/A & B Petasannegandla,","Guntur","ANDHRA PRADESH","4401","14-Jul-2023","13-Jul-2028","9491691888","Active",""
"MADHAVI GRANDHI","GRL Ware housing","6548556","Palakandyam Villiage, G. Sigadam Mandalam","Srikakulam","ANDHRA PRADESH","9862","18-Jun-2024","17-Jun-2026","9963145566","Active",""
"MANTHENA RAJU","SAI KRISHNA GODOWNS 5","7102775","NH 216 BAPATLA KARLAPALEM ROAD, KARLAPALEM","Guntur","ANDHRA PRADESH","6250","10-Jun-2025","09-Jun-2030","9490742326","Active",""
"NARENDRA KANAMUKKALA","K C Nagi Reddy Rural Godowns","7049224","Sy. No. 531-1A2, 39-3A2 Kanekal Village and Mandal,","Anantapur","ANDHRA PRADESH","5000","25-Mar-2025","24-Sep-2029","9000398885","Inactive","EXPIRED/INSUFFICIENT INSURANCE"
"Neeli Cold Storages","Neeli Cold Storages","7069834","Edugundlapadu Village, Maddipadu Mandal,","Prakasam","ANDHRA PRADESH","9700","11-Apr-2025","10-Oct-2029","9866678668","Active",""
"Neeli Karthik","Sri Sai Rama Rural Farmers Warehouse","6756365","Sy No-19-1,19-2,20/3A &20/3B, Gospadu Mandal","Kurnool","ANDHRA PRADESH","5046","14-Jul-2023","13-Jul-2028","7799943443","Inactive",""
"New Sri Lakshmi Narasimha Warehouse","New Sri Lakshmi Narasimha Warehouse","6700298","SY No 752/A2 (P) Kottala Bethamcherla Mandal,","Kurnool","ANDHRA PRADESH","6500","28-Mar-2023","27-Mar-2028","9949955933","Active",""
"NORTH COASTAL INTEGRATED FOOD PARK PRIVATE LIMITED","CSC NCI FOOD PARK (IG)","7126444","BP VARAKATTU (V), CHEEPURUPALLI (M),","Vizianagaram","ANDHRA PRADESH","23000","08-Aug-2025","07-Aug-2030","9440834555","Active",""
"Paritala Cold Storage","Paritala Cold Storage","6936272","Door No- 11-568,Paritala cold storage road,Kanchikacherla Village and mandal,,","Krishna","ANDHRA PRADESH","9899","30-May-2024","29-May-2029","9948082277","Active",""
"PASALA BHANUMATHI","PASALA BHANUMATHI & CO (APSWC MANDAPETA(IG))","6691117","1-27, NELATURU ROAD MAREDUBAKA","East Godavari","ANDHRA PRADESH","5000","01-Mar-2023","28-Nov-2027","9248751152","Active",""
"Pathakota Kiran Kumar Reddy","Sree Kamadhenu Rural Warehouse","6541353","Survey No. 23/1A2, 73/1A1, Gopavaram Panchayath Proddatur","Y.S.R.","ANDHRA PRADESH","9433","16-Nov-2021","15-Nov-2026","9963126656","Inactive",""
"PERICHERLA KANTHAM","P.LAKSHMIKANTHAM","6716138","Ramaraju Warehousing,Door No.5-113,Kuchampudi Estate,at R&B Main Road, Siddapuram Village, Akividu Mandalam,","West Godavari","ANDHRA PRADESH","5000","15-May-2023","14-May-2028","9077712345","Active",""
"Pola Reddy","SR PROCESSING UNIT","7022221","ALLAGADDA NANDYAL ROAD OPPOSITE TO INDIAN GAS,","Kurnool","ANDHRA PRADESH","4424","19-Feb-2025","18-Feb-2030","9791151203","Active",""
"Pragathi cold storage LLP","Pragathi Cold Storage LLP","6688055","D.No. 435/A, Kornepadu Village, Vatticherukuru Mandal, Guntur District,","Guntur","ANDHRA PRADESH","11500","23-Feb-2023","22-Feb-2028","9440261909","Active",""
"Prasanna Supraja Cold Storage","Prasanna Supraja Cold storage","6754741","11/2 Parchur road,","Prakasam","ANDHRA PRADESH","10000","12-Jul-2023","11-Jul-2028","9490324759","Inactive",""
"PRIYANKA COLD STORAGE","Priyanka Cold Storage","7074966","SY 569-1A4, Chintakunta,","Prakasam","ANDHRA PRADESH","13339","22-Apr-2025","21-Apr-2030","8297235870","Active",""
"Pushpavathi Cold Storage Private Limited","Pushpavathi Cold Storage Private Limited","6761316","496/A1,A2,497/2,,","Guntur","ANDHRA PRADESH","3500","24-Jul-2023","23-Jul-2028","9849788212","Active",""
"Ranga Raju Kanumuri","ANNAPURNA STORAGES GODOWN NO:2","6783278","AI BHIMAVARAM, WEST GODAVARI,","West Godavari","ANDHRA PRADESH","5000","20-Sep-2023","19-Jun-2028","9676113366","Active",""
"Rayalaseema Agri Producer Company Limited","Rayalseema Agri Producer Company Limited","6683643","SY No-38,Cinnamusturu,","Anantapur","ANDHRA PRADESH","9700","17-Feb-2023","16-Feb-2028","7777888476","Inactive","EXPIRED/INSUFFICIENT INSURANCE"
"RIMMALAPUDI NARAYANA","RIMMALAPUDI NARAYANA & CO (APSWC MANDAPETA(IG))","6680946","1-26, NELATURU ROAD MAREDUBAKA","East Godavari","ANDHRA PRADESH","5000","09-Feb-2023","08-Feb-2028","9248751152","Active",""
"RUDRARAJU VENKATA RAJU","SAI KRISHNA GODOWNS 7","7091523","NH 216 KARLAPALEM BAPATLA ROAD, KARLAPALEM","Guntur","ANDHRA PRADESH","6250","20-May-2025","19-Nov-2029","9490742326","Active",""
"RUKMINI DEVI KALLURI","SIVA PARVATHI LAKSHMI NARASIMHA WAREHOUSE","7038243","SY NO: 217 KOTAPADU SIRVELLA,","Kurnool","ANDHRA PRADESH","2113","12-Mar-2025","11-Mar-2030","9490011843","Active",""
"RYTHU NESTAM COLD STORAGE PVT LTD","RYTHU NESTAM COLD STORAGE PVT LTD","6698229","SY NO:606-1,605-3, DHULLIPALLA VILLAGE","Guntur","ANDHRA PRADESH","9978","23-Mar-2023","22-Sep-2027","9915539999","Inactive",""
"S Indira Reddy","SRI LAKSHMI VENKATESHWARA RURAL FARMERS WAREHOUSE","6559892","CHAMBER NO. A & C WAREHOUSE,SURVEY NO. 190, A NEAR SUMMER STORAGE TANK, VILLAGE MIDTHUR,MANDAL -MIDTHUR ,TALUKA-NANDIKOTKUR,","Kurnool","ANDHRA PRADESH","5000","28-Feb-2022","27-Feb-2027","9110869292","Inactive","EXPIRED INSURANCE"
"S S S V K COLD STORAGE PRIVATE LIMITED","S S S V K COLD STORAGE PRIVATE LIMITED","6929707","REGD.OFFICE: 4-1-24,1ST LANE, KOTHA AGARAHARAM, VIZIANAGARAM, SY NO.:83/1,83/2A, GAJULAREGA, VIZIANAGARAM","Vizianagaram","ANDHRA PRADESH","5000","15-May-2024","14-May-2029","9346424871","Active",""
"S.SURYANARAYANA RAJU & OTHERS","S.SURYANARAYANA RAJU & OTHERS","6778864","10-113/23/15, RAILWAY SIDING INVESTOR GODOWNS, NEAR LAXMIPURAM FLY OVER","Visakhapatnam","ANDHRA PRADESH","50000","12-Sep-2023","11-Mar-2028","9885702803","Active",""
"SAHAJA COLD STORAGE PVT.LTD","SAHAJA COLD STORAGE PVT.LTD","6904775","Sy.No 1132-3B,","Guntur","ANDHRA PRADESH","11175","03-Apr-2024","02-Jan-2029","7702367133","Active",""
"SAMANTHAPUDI SREE RAMA RAJU","SAI KRISHNA GODOWNS 1","7132749","NH 216 BAPATLA KARLAPALEM ROAD, KARLAPALEM","Guntur","ANDHRA PRADESH","6250","18-Aug-2025","17-Aug-2030","9490742326","Active",""
"SANIVARAPU REDDY","SRI LAKSHMI VENKATESWARA FARMERS WARE HOUSE","6849608","SY NO.225 ,NANDAVARAM, BANAGANAPALLI","Kurnool","ANDHRA PRADESH","4200","31-Jan-2024","30-Jan-2029","9704468777","Inactive",""
"SARASWATHI NARA","NSR Rural Warehouse","6687511","Survey No-178/3A,179/1A Duddekunta,","Anantapur","ANDHRA PRADESH","3209","21-Feb-2023","20-Feb-2028","6302556139","Suspended","EXPIRED INSURANCE"
"Satti Madhugopal Reddy","M/s.S.V.R Godown","6694806","SY No-103,104/1,Chabolu,","Kurnool","ANDHRA PRADESH","3012","14-Mar-2023","13-Mar-2028","7013529362","Suspended","EXPIRED INSURANCE"
"Shaik Bee","ROYAL RURAL FARMER WAREHOUSE","6740344","BAPANANTAPURAM VILLAGE, ATMAKUR MANDAL","Kurnool","ANDHRA PRADESH","9842","22-Jun-2023","21-Jun-2026","9440604222","Active",""
"Siddartha Warehousing Private Limited","M/S Siddartha Warehouse","6752851","Sy No-55,Nandyal-Koilkuntla Road,,","Kurnool","ANDHRA PRADESH","7515","07-Jul-2023","06-Jul-2028","9985173731","Active",""
"Siddartha Warehousing Private Limited","M/S Siddartha Agro Processing Unit","6780308","IND No-189/A,189/A4,190/A,190/A4, Mudigeda Road","Kurnool","ANDHRA PRADESH","5220","12-Sep-2023","11-Jun-2028","9985173731","Active",""
"Siddartha Warehousing Private Limited","M/S Siddartha Cold Store","6783906","SY 189-A,189-A4,190-A,190-A4,Mudigedu Road,,","Kurnool","ANDHRA PRADESH","5200","21-Sep-2023","20-Jun-2028","9985173731","Active",""
"Siddartha Warehousing Private Limited","M/S Siddartha Godown Unit-II","6784268","At Sy No-168 Koilkuntla Road,, Sanjamala Mandal","Kurnool","ANDHRA PRADESH","7204","25-Sep-2023","24-Jun-2028","9985173731","Active",""
"SIVA JYOTHI SWAROOPA","M/S Jyothi Swarupa Agri Services","6617948","Ankireddy,","Guntur","ANDHRA PRADESH","8850","18-Aug-2022","17-Aug-2027","9440531973","Inactive",""
"Sivaparvathi Cold Storage Pvt Ltd","Siva Parvathi Cold Storage Private Limited","6896401","D.No-960/1-5,Gangavaram-Village, Gurazala Mandal","Guntur","ANDHRA PRADESH","11800","29-Mar-2024","28-Mar-2029","9908072171","Active",""
"Sobhitha Agros (P) Limited","Sobhitha Agros Pvt Ltd","7017098","Paluvayi junction, Macherla Road","Guntur","ANDHRA PRADESH","8680","06-Feb-2025","05-Feb-2030","9700707470","Active",""
"Sree Ganesh Rythu Mitra Rural Warehouse","Sree Ganesh Rythu Mitra Rural Warehouse","6620108","Survey No. 586/2B, 585/B,, Jammalamadugu Road, Peddapasupla (V)","Y.S.R.","ANDHRA PRADESH","9727","21-Aug-2022","20-Feb-2027","9441312227","Inactive","EXPIRED INSURANCE"
"Sree laxmi agros LLP","SREE LAXMI","6760953","survey no 9A, koakondla village,","Anantapur","ANDHRA PRADESH","12000","21-Jul-2023","20-Jul-2028","8106913538","Active",""
"Sree Neelampati Lakshmi Ammavari cold Storage Private Limited","Sree Neelampati Lakshmi Ammavari cold Storage Private Limited","6755466","48-19-29s Road No. 11 Ganesh Nagar Colony, Sri Ramachandra Nagar Vijayawada","Krishna","ANDHRA PRADESH","9000","13-Jul-2023","12-Jul-2028","8297316456","Active",""
"Sree Shirdi Saainaatha Warehouse","Sree Shirdi Saainaatha Warehouse","4731643","S NO.599/3, KALYANADURGAM ROAD, BELUGUPPA Village and Mandal,","Anantapur","ANDHRA PRADESH","5000","19-Apr-2021","18-Oct-2025","9440124222","Active",""
"Sree Shirdi Saainaatha Warehouse","Sree Shirdi Saainaatha Warehouse","2711645","S.NO: 135-B, SOLLAPURAM[V], SOLLAPURAM TO KANEKAL ROAD, KANEKAL[M],","Anantapur","ANDHRA PRADESH","5000","23-Feb-2021","22-Aug-2025","9440124222","Active",""
"Sree Vishnu Warehouse","Sree Vishnu Warehouse","8631652","Sy. No. 24/3, Near Thagguparthi (V), Beluguppa (M),, Anantapur","Anantapur","ANDHRA PRADESH","4650","20-Jan-2025","04-Feb-2030","9246865201","Active",""
"Sri Ankammatalli Cold Storage LLP","Sri Ankammatalli Cold Storage LLP","7019433","Survey No-265-A,274-A1, Thummalacheruvu","Guntur","ANDHRA PRADESH","14000","10-Feb-2025","09-Aug-2026","9490041130","Active",""
"Sri Haritha Warehouse","Sri Haritha Warehouse","6674550","Sy No. 412/1 Guntakal Road, Maddikera Village and Mandal","Kurnool","ANDHRA PRADESH","7500","17-Jan-2023","16-Jul-2027","9133002006","Inactive",""
"Sri Lakshmi Narasimha Swamy Handling And Transport Contractors","Sree Lakshmi Narasimha Swamy Handling and Transport Contractors","6711907","Sy:No:-205A,Dhanapuram,Adoni,","Kurnool","ANDHRA PRADESH","6639","27-Apr-2023","26-Apr-2028","8985171167","Active",""
"Sri Lalitha Agro Cold Storage","Sri Lalita Agro Cold Storage","6911168","Sy No-835-A/1 Prathipadu,","Guntur","ANDHRA PRADESH","9056","11-Apr-2024","10-Apr-2029","9394884591","Active",""
"Sri Radha Krishna Cold Storage","Sri Radhakrishna Cold Storage","7092513","Uppugundur, Naguluppalapadu,","Prakasam","ANDHRA PRADESH","3407","20-May-2025","19-May-2030","9555538889","Active",""
"Sri Sai Haripadma Logistics Pvt Ltd","Singannapalem IG","6641161","2-47, NEELKANTAPURAM,SINGANNAPALEM VILLAGE, BURJAMANDALAM, SRI KAKULAM DIST , PINCODE : 532185,","Srikakulam","ANDHRA PRADESH","15000","13-Oct-2022","12-Apr-2027","9010452999","Active",""
"Sri Varalakshmi Cold Storage","Sri Varalakshmi Cold Storage","7132020","Kesanupalli Village, Addanki - Narketpally Highway, Dachepalle","Guntur","ANDHRA PRADESH","13671","18-Aug-2025","17-Aug-2030","9160566345","Active",""
"SRIKAKULA SETTY","SRI LAKSHMI SRINIVASA RURAL FARMERS WAREHOUSE","6670053","NEAR SANTHA MARKET, NEW SACHEVALAYAM ,SIVALIYAM TEMPLE GOVINDAPALLE -518 502. Sirivela (Mdl.), Kurnool Dt. (A.P.), Sirivela (Mdl.), Kurnool Dt. (ANDHRA PRADESH)","Kurnool","ANDHRA PRADESH","1650","25-Jun-2024","01-Jul-2029","9989326057","Active",""
"Srinivasa Cold Storage","Srinivasa Cold Storage","6851497","Sy No-105/3 Chdalawada Revenu Village, B Nidamanuru Road","Prakasam","ANDHRA PRADESH","12417","06-Feb-2024","05-May-2028","9848693911","Active",""
"Subramanyam Michanagatla","Sri Venkatalakshmi Cold Storage","6948871","Nekunambad village,","Prakasam","ANDHRA PRADESH","8619","21-Jun-2024","20-Jun-2029","9908975075","Active",""
"Sudarshan Reddy D","Sri Narasimha Swamy Foods","7094766","Chagalamarri Road, Korrapadu Gram Panchayat","Y.S.R.","ANDHRA PRADESH","10000","26-May-2025","25-Feb-2030","9533455555","Active",""
"Suresh Kinjarapu","Kinjarapu Suresh kumar","6681936","k.Suresh kumar, s/o K.H.V.Prasad, Kotabommali ig godowns,, nimmada village, kotabommali mandal,srikakulam district, A.P. 532431, k.Suresh kumar, s/o K.H.V.Prasad, door no 0-01, main road, nimmada village, kotabommali mandal,srikakulam district, A.P. 532431","Srikakulam","ANDHRA PRADESH","5000","15-Feb-2023","14-Feb-2028","9515239999","Active",""
"TALUPULA LAKSHMI DEVI","DAKSHAYANI RURAL FARMERS WAREHOUSE","7002876","SY NO : 107&107/1(P) KANALA VILLAGE,","Kurnool","ANDHRA PRADESH","6000","12-Dec-2024","11-Dec-2029","9440291168","Inactive",""
"THOTAPALLI AGRI STORAGES PRIVATE LIMITED","THOTAPALLI AGRI STORAGES PVT LTD","6669063","D.NO.2-282,2-283,, PALAKONDA SRIKAKULAM MAINROAD,","Vizianagaram","ANDHRA PRADESH","22024","30-Dec-2022","29-Dec-2027","8639679376","Active",""
"Tirumala rural farmers warehouse","Tirumala Rural Farmers warehouse","6833495","sy no 2372/1B abandam tanda,","Kurnool","ANDHRA PRADESH","4751","09-Jan-2024","08-Jan-2029","9542121212","Active",""
"v reddy","Sri Lakshmi Warehouse","7007461","S.No 165,237/2, Koilakuntla Road OWK","Kurnool","ANDHRA PRADESH","3930","02-Jan-2025","01-Jan-2030","9703503423","Inactive",""
"VANTIPALLI KASI VISWANADHAM","VANTIPALLI KASI VISWANADHAM &CO (APSWC MANDAPETA(IG))","6707137","DNO 1-25, NELATURU ROAD MAREDUBAKA","East Godavari","ANDHRA PRADESH","5000","07-Apr-2023","06-Jan-2028","9248751152","Active",""
"Vegesana Jayalakshmi Devi","ANNAPURNA STORAGES GODOWN NO:4","6793087","AI BHIMAVARAM, WEST GODAVARI,","West Godavari","ANDHRA PRADESH","5000","19-Oct-2023","18-Oct-2028","9676113366","Active",""
"Vegesana Kishore Kumar","ANNAPURANA STORAGES GODOWN NO:5","6755375","AI BHIMAVARAM, WEST GODAVARI,","West Godavari","ANDHRA PRADESH","5000","13-Jul-2023","12-Apr-2028","9676113366","Active",""
"VEGESENA MAZA","VEGESENA PADMAZA","7098817","3-14/7, Gaggiparru Road, Adavipalem","West Godavari","ANDHRA PRADESH","5000","29-May-2025","28-May-2030","9704401314","Active",""
"VEGESINA ALA","VEGESINA KAMALA","7099534","3-14/2, Gaggiparru Road, Adavipalem","West Godavari","ANDHRA PRADESH","5000","29-May-2025","28-May-2030","6302746179","Active",""
"VEGESINA RAJU","VEGESINA RANGA RAJU","7098999","3-14/8,Gaggiparru Road, Adavipalem","West Godavari","ANDHRA PRADESH","5000","29-May-2025","28-May-2030","9577738899","Active",""
"VEGESINA RAJU","VEGESINA RANGARAJU","7099088","3-14/5,Gaggiparru Road, Adavipalem","West Godavari","ANDHRA PRADESH","5000","29-May-2025","28-May-2030","6302746179","Active",""
"VEGESINA RAJU","VEGESINA RANGA RAJU","7099625","3-14/1 Gaggiparru Road, Adavipelam ,Elamanchali","West Godavari","ANDHRA PRADESH","5000","29-May-2025","28-May-2030","9963286162","Active",""
"VEGESINA TA","VEGESINA SUHITA","7099443","3-14/4,Gaggiparru Road, Adavipalem","West Godavari","ANDHRA PRADESH","5000","29-May-2025","28-May-2030","7989469902","Active",""
"VEGESINA VARMA","VEGESINA RAVI VARMA","7103138","3-14/3, Gaggiparru Road, Adavipalem","West Godavari","ANDHRA PRADESH","5000","11-Jun-2025","10-Jun-2030","9390054091","Active",""
"VEGHESENA CHANDRA RAJU","VEGHESENA RAMCHANDRA RAJU","7098726","3-14/6,Gaggiparru Road, Adavipalem","West Godavari","ANDHRA PRADESH","5000","29-May-2025","28-May-2030","9398050007","Active",""
"VELLALACHERUVU PACS","Z.50 Vellalacheruvu PACS Rural Godown","6600399","Vellalacheruvu,","Prakasam","ANDHRA PRADESH","1710","12-Jul-2022","11-Jul-2027","8309188461","Inactive","EXPIRED INSURANCE"
"Venna Reddy","Y.R.R. Godowns","6936728","Survey No-1635 & 148, peddapasupula, peddamudium,","Y.S.R.","ANDHRA PRADESH","2000","31-May-2024","30-Nov-2028","9966595939","Active",""
"VISHNU TULA","Tula Vishnu Murthy and otheres","6786248","dwarapudi, tungapadu road","East Godavari","ANDHRA PRADESH","30000","26-Sep-2023","25-Sep-2028","9866917799","Active",""
"Viswasai Foods And Cold Storage Pvt Ltd","Viswasai Foods And Cold Storage Pvt Ltd","6830251","Lingayapalem,","Guntur","ANDHRA PRADESH","12781","30-Dec-2023","29-Dec-2028","9030676769","Active",""
"VR Warehouse","VR Warehouse","6968671","Survey No. 101, A3A, 101, A3B, Yerur Road, Chippagiri Village,","Kurnool","ANDHRA PRADESH","4803","19-Aug-2024","18-Aug-2029","6360063976","Active",""
"YATINDRA COLD STORAGE PRIVATE LIMITED","YATINDRA COLD STORAGE PRIVATE LIMITED","6933030","SY- 90,91; GATLAPADU(V), VANDRADA(P),KOTABOMMALI(M),,","Srikakulam","ANDHRA PRADESH","10966","24-May-2024","23-Nov-2028","9014688111","Active",""