"WHM Name","WH Name","WH ID","Address","District","State","Capacity(in MT)","Registration Date","Registration Valid Upto","Contact No.","Status","Remarks"
"Maharashtra State Warehousing Corporation","Phaltan","6586986","At Tambmal, Lonand - Phaltan Road, Post Farandwadi, Tal. Phalan","Satara","MAHARASHTRA","8920","30-May-2022","29-May-2027","8830845445","Inactive","EXPIRED INSURANCE"
"Janhavi Promoters Private Limited","Unity Warehouse","6661953","Unity Warehouse, Gat No 519,, Kimtha Upalavi Road,Upalavi: 416","Sangli","MAHARASHTRA","3180","12-Dec-2022","11-Dec-2027","9602107772","Inactive","EFFECTIVE CONTROL EXPIRED"
"Janhavi Promoters Private Limited","MRS.KHATIJA NURUDDIN LALANI","9531654","GODOWN NO 7, GUT NO 15, BABHULGAON, OSMAN NAGAR ROAD,","Nanded","MAHARASHTRA","1001","01-Dec-2020","30-Nov-2025","9460060009","Inactive","EFFECTIVE CONTROL EXPIRED"
"StarAgriWarehousing CollateralManagementLimited","Khaledabai Istyak Deshmukh","6658710","Godown, Gut No. 406 At Village-Dongargaon, Tq Sillod","Aurangabad","MAHARASHTRA","1499","06-Dec-2022","05-Sep-2027","9314058569","Inactive","EFFECTIVE CONTROL EXPIRED"
"Sachin Madke","Laxmi Dudh Utpadak Prakriya Sangh Warehouse","6623797","Jamgaon (A),","Solapur","MAHARASHTRA","5000","30-Aug-2022","29-Aug-2027","9850509680","Inactive","EXPIRED INSURANCE"
"National Commodities Management Services Limited","National Collateral Management Services Limited","1004563","C/o Lata Vinod Agrawal, Godown Premises No. 2, Sy. No. 79/1,","Akola","MAHARASHTRA","2615","05-Feb-2023","11-Dec-2027","7387056402","Inactive","EFFECTIVE CONTROL EXPIRED"
"National Commodities Management Services Limited","JAI WAREHOUSING CORPORATION","3931645","Survey no 45/3 Magrulpir road, Barshitakli Village : Barshitakli, Taluka :Barshitakli","Akola","MAHARASHTRA","6847","16-Mar-2023","26-Nov-2027","7387056402","Inactive","EFFECTIVE CONTROL EXPIRED"
"Central Warehousing Corporation","CWC MALIWADA (PEG)","5791649","GUT NO 97,","Aurangabad","MAHARASHTRA","25000","29-Jun-2021","28-Jun-2026","7066787833","Inactive","EFFECTIVE CONTROL EXPIRED"
"Rajan Godare","Sri Abhijit Traders","7001886","Plot No. 117,118,119, Umiya Industrial Estate P.O Tarodi Tehsil Kamthi,","Nagpur","MAHARASHTRA","3336","20-Dec-2024","19-Jun-2029","8308012403","Inactive",""
"Yamada Logistics Private Limited","YAMADA LOGISTICS LIMITED C/O SHOURYA CORPORATION","6545222","Plot no. C-162, C-Zone, MIDC Lohara,, Yavatmal - Maharashtra - 445001","Yavatmal","MAHARASHTRA","7500","07-Dec-2021","06-Jun-2026","9009002013","Inactive","EFFECTIVE CONTROL EXPIRED"
"Central Warehousing Corporation","CW, Puntamba","5791660","changdeonagar, puntamba","Ahmadnagar","MAHARASHTRA","4200","29-Jun-2021","28-Jun-2026","9022111011","Inactive","EFFECTIVE CONTROL EXPIRED"
"Central Warehousing Corporation","CW NANDED (PRASHANT & SHUBHAM COMPLEX)","5411644","BHAYEGAON ROAD, TUPPA, NANDED","Nanded","MAHARASHTRA","12426","03-Jun-2021","02-Jun-2026","9960420107","Inactive","EFFECTIVE CONTROL EXPIRED"
"Janhavi Promoters Private Limited","GARG LOGISTICS","9531645","71/2, GUT NUMBER 199,, BABHULGAON ROAD KUMBHARI","Akola","MAHARASHTRA","6295","01-Dec-2020","30-Nov-2025","7014452423","Inactive","EFFECTIVE CONTROL EXPIRED"
"Central Warehousing Corporation","CW Nanded ( Santosh Warehouse)","5491647","Block No 178, Bhaygaon Road, Tuppa Nanded","Nanded","MAHARASHTRA","24522","07-Jun-2021","06-Jun-2026","9960420107","Inactive","EFFECTIVE CONTROL EXPIRED"
"StarAgriWarehousing CollateralManagementLimited","Jai Warehousing Corporation","7043821","Godown No. - 3 & 4, Survey No. - 45/3, mangrulpri Road,, At. - Barshitakli","Akola","MAHARASHTRA","4182","21-Mar-2025","20-Mar-2030","9314058569","Inactive","EFFECTIVE CONTROL EXPIRED"
"LTC Commercial Company Private Limited","LTC Commercial Company Private Limited C/o Sau Archana Naresh Bhutada & Sau Sarikar Dinesh Bhutada","1002757","Godown No. 1 & 2, Gut No. 24, Vadali Satwai, Hiwarkhed Road, Akot,","Akola","MAHARASHTRA","4892","04-Aug-2022","20-Nov-2027","8003593441","Inactive","EFFECTIVE CONTROL EXPIRED"
"National Commodities Management Services Limited","SATGURU UDYOG","6997118","PLOT NO. C-20,MIDC,KARANJA ROAD, MURTIZAPUR 444107"",","Akola","MAHARASHTRA","3917","25-Nov-2024","24-May-2026","7387056402","Inactive","EFFECTIVE CONTROL EXPIRED"
"B T Kadlag Construction Private Limited","B T KADLAG CONSTRUCTION PVT LTD","6846901","Godown No 1 and 2,, Gat no 558, Nanegao, Palse","Nashik","MAHARASHTRA","7598","29-Jan-2024","28-Jan-2029","9822199469","Inactive",""
"Central Warehousing Corporation","Central Warehouse Gondia 2","3591665","B 28 29, Midc Mundipar","Gondiya","MAHARASHTRA","15000","17-Mar-2021","16-Mar-2026","7709192567","Inactive","EFFECTIVE CONTROL EXPIRED"
"LTC Commercial Company Private Limited","LTC Commercial Company Private Limited C/o Basant Agro Tech (India) Limited","1002732","Godown No. 1 & 2, Survey No. 82, Shivni, Shivapur,","Akola","MAHARASHTRA","2910","30-Nov-2022","29-Nov-2027","8003593441","Inactive","EFFECTIVE CONTROL EXPIRED"
"NATIONAL BULK HANDLING CORPORATION PRIVATE LIMITED","BASANT AGRO TECH INDIA LIMITED","7075500","GD NO 1, GUT NO 1,SURVEY NO 82/15/A, VILLAGE SHIVANI , OPP SHIVANI RAILWAY STATION , SHIVANI","Akola","MAHARASHTRA","4135","23-Apr-2025","22-Oct-2026","9082604027","Inactive","EFFECTIVE CONTROL EXPIRED"
"Shree Shubham Logistics Limited","SSL C/o Vishal Narendra Gupta Warehouse","4110014","Gut No.70, Mauze- Wadhadi Satwai,, Taluka- Akot","Akola","MAHARASHTRA","1591","16-Mar-2023","16-Jul-2028","8329572180","Inactive","EFFECTIVE CONTROL EXPIRED"
"mangrul kambe schedule cast seed producer compny ltd.","Buldana Urban Godown No 07","6111641","Buldana Urban Godown no 07 , Gat No 185, Hatgaon Tq Murtizapur","Akola","MAHARASHTRA","2000","20-Jul-2021","19-Jul-2026","7666497194","Inactive",""
"StarAgriWarehousing CollateralManagementLimited","Star Agri Warehousing & Collateral Management Limited C/o Ashwin Oil Mill Warehouse","1006576","Gut No. 47, Mouje Lakhmanpur, Taluka - Akot,","Akola","MAHARASHTRA","1727","24-Feb-2023","24-Mar-2028","9314058569","Inactive","EFFECTIVE CONTROL EXPIRED"
"Yamada Logistics Private Limited","Yamada Logistic Ltd c/o Jayalaxmi Warehouse","7000359","24/7 Dabha Near Narendra Solvex, Yavatmal Road","Amravati","MAHARASHTRA","3502","03-Dec-2024","02-Dec-2029","9977337303","Inactive","EFFECTIVE CONTROL EXPIRED"
"SATISH WANI","Dnyandeep Warehouse","6941587","Gat No-872 & 960,Perane Phata,Near toll Naka,","Pune","MAHARASHTRA","3333","12-Jun-2024","11-Dec-2028","8600820965","Inactive",""
"RJVM PRODUCTS LLP","THE MODERN COLD STORADE","7003957","CENTRAL WAREHOUSING COPORATION C 9 COLD STORAGE, INDUSTRIAL AREA AMBAD MIDC NASHIK","Nashik","MAHARASHTRA","2300","19-Dec-2024","18-Dec-2029","8920239803","Inactive",""
"Khemanand Dudh and Krishi Producer Company Ltd","Khemananad Dudh And krishi Producer Company Ltd","6972541","347/2/1 At Kharda, SONEGAON ROAD","Ahmadnagar","MAHARASHTRA","2977","29-Aug-2024","28-Aug-2029","8275829999","Inactive","EXPIRED INSURANCE"
"Khemanand Dudh and Krishi Producer Company Ltd","Khemanand Dudh and Krishi Producer Company Ltd","6830707","297/2,, SHIRDI BYPASS ROAD","Ahmadnagar","MAHARASHTRA","2000","01-Jan-2024","31-Dec-2028","8275829999","Inactive","EXPIRED INSURANCE"
"Sandipkumar Gugliya","Paras Industries","7025919","Plot No B-171, Additional Yavatmal Industrial Area","Yavatmal","MAHARASHTRA","5887","27-Feb-2025","26-Feb-2030","8668722808","Inactive",""
"APMC Yeola","submarket Patoda ( APMC Yeola)","6748800","SUb Market yard, Yeola Road","Nashik","MAHARASHTRA","1170","30-Jun-2023","29-Jun-2028","9423478313","Inactive",""
"Central Warehousing Corporation","CW, Puntamba (Shree Sai Samarth Agro compound)","5771650","changdeonagar, puntamba","Ahmadnagar","MAHARASHTRA","9100","28-Jun-2021","27-Jun-2026","9022111011","Cancelled",""
"Dattu Temkar","Shivsai Warehouse","6785075","Gat no. 69 Chorwa Ghalgaon Vaijapur Gangapur Road,","Aurangabad","MAHARASHTRA","1947","25-Sep-2023","24-Sep-2028","9834989882","Active",""
"Maharashtra State Warehousing Corporation","Maharashtra State Warehousing Corporation, Daryapur","6721625","Mauze-Banosa, Near ITI, Daryapur,","Amravati","MAHARASHTRA","6000","26-May-2023","25-May-2028","8805017485","Active",""
"agriculture produce market committee,hinganghat.","Agriculture produce market committee, Hinganghat","6852305","APMC, Hinganghat,","Wardha","MAHARASHTRA","1000","06-Feb-2024","05-Feb-2029","9860864627","Active",""
"APMC Lakhandur","APMC,lakhandur","6689319","APMC, lakhandur,","Bhandara","MAHARASHTRA","1147","27-Feb-2023","26-Feb-2028","9423761332","Active",""
"APMC ,pombhurna","agriculture produce market committee,pombhurna","6689400","apmc,pombhurna,aksapur road,pombhurna,","Chandrapur","MAHARASHTRA","1147","27-Feb-2023","26-Feb-2028","9579083332","Active",""
"agriculture produce market commitee,gondpimpri","APMC,gondpimpri","6717847","apmc,gondpimpri,","Chandrapur","MAHARASHTRA","1147","19-May-2023","18-May-2028","8830079725","Active",""
"APMC Armori","APMC Armori","6680318","Agriculture market Committee,sub market yard kurkheda,","Gadchiroli","MAHARASHTRA","1147","06-Feb-2023","05-Feb-2028","9404817890","Active",""
"Blithwill Global Warehousing Pvt Ltd","SHRI OMKAR WAREHOUSE","7013139","GAT NO.27/3, MULEGAON, SOLAPUR HYDERABAD ROAD, SOLAPUR","Solapur","MAHARASHTRA","6505","28-Jan-2025","27-Jan-2030","8830324128","Active",""
"Agricultural Produce Market Committee Barshi","Agricultural Produce Committee Barshi","6749162","Tuljapur Road, Market yard","Solapur","MAHARASHTRA","1147","30-Jun-2023","29-Jun-2028","8888526933","Active",""
"Maharashtra State Warehousing Corporation","Maharashtra State Warehousing Corporation, Risod","6580054","APMC, Market Yard, Risod,","Washim","MAHARASHTRA","2000","26-May-2022","25-May-2027","9881751896","Active",""
"Maharashtra State Warehousing Corporation","Panvel (Multi Story)","6586804","Maharashtra State Warehousing Corporation, Survey No. 437, Plot No. 465, Raigad Bazar, APMC Market Yard, Panvel","Raigarh","MAHARASHTRA","8100","30-May-2022","29-May-2027","8149199752","Active",""
"SONPAULA AGRO PRODUCER COMPNY LTD","sonpaula godown no 2","3851641","AT POST ANJANI KHURD, AT POST ANJANI KHURD","Buldana","MAHARASHTRA","1000","22-Mar-2021","21-Mar-2026","7588080447","Active",""
"Maharashtra State Warehousing Corporation","GANGAKHED","6589147","PLOT NO.B-2, MIDC AREA,, GANGAKHED","Parbhani","MAHARASHTRA","7200","01-Jun-2022","31-May-2027","9850611382","Active",""
"Maharashtra State Warehousing Corporation","NANDGAON","6583744","APMC MARKET YARD, NANDGAON","Nashik","MAHARASHTRA","1800","29-May-2022","28-May-2027","8408882562","Active",""
"M/s. Ganraj Warehousing Company","Ganraj Warehousing Company","6982623","Near Karad railway station, Ogalewadi, Karad,","Satara","MAHARASHTRA","10000","01-Oct-2024","30-Sep-2029","9822245555","Active",""
"Maharashtra State Warehousing Corporation","Maharashtra state warehousing corporation Butiboritibori","6583561","Maharashtra state warehousing corporation, PLot No.26A, Indorama Road, Butibori","Nagpur","MAHARASHTRA","4800","29-May-2022","28-May-2027","9021086489","Active",""
"APMC, mandhal","APMC Mandhal","6816391","agriculture produce markrt committee ,Mandhal,","Nagpur","MAHARASHTRA","1147","15-Dec-2023","14-Dec-2028","9370562355","Active",""
"Maharashtra State Warehousing Corporation","MAHARASHTRA STATE WAREHOUSING CORPORATION, MURUM","6586085","APMC Market Yard, MURUM","Osmanabad","MAHARASHTRA","3600","30-May-2022","29-May-2027","9860239132","Active",""
"Maharashtra State Warehousing Corporation","Karad","6582753","Market yard get no 6, Karve Naka karad","Satara","MAHARASHTRA","13450","29-May-2022","28-May-2027","9823741407","Active",""
"Maharashtra State Warehousing Corporation","Tirthpuri","6576813","MSWC, Tirthpuri, Taluka Ghansangavi,, Jalna -431209","Jalna","MAHARASHTRA","1580","23-May-2022","22-May-2027","7588957049","Active",""
"Maharashtra State Warehousing Corporation","MSWC SATARA JALGAON JAMB","6574743","JAMB-JALGAON ROAD,, JALGAON","Satara","MAHARASHTRA","13860","13-May-2022","12-May-2027","9158014488","Active",""
"APMC ,varora","apmc, varora","6694715","apmc, sub market yard mandheli,","Chandrapur","MAHARASHTRA","1147","14-Mar-2023","13-Mar-2028","9764063688","Active",""
"Maharashtra State Warehousing Corporation","MSWC Aurangabad Jadhavwadi","6587075","MSWC, APMC market yard, Mondha Naka, Jadhavwadi, Jalgaon road, Aurangabad 431003","Aurangabad","MAHARASHTRA","15280","30-May-2022","29-May-2027","9158001327","Active",""
"Maharashtra State Warehousing Corporation","Tumsar","6579601","APMC, Market Yard, Tumsar","Bhandara","MAHARASHTRA","7956","26-May-2022","25-May-2027","9158679823","Active",""
"Maharashtra State Warehousing Corporation","City Godown Jalna","6585814","Near Government godown, Near Bus Stand, Raut Nagar, Jalna -431203","Jalna","MAHARASHTRA","8850","30-May-2022","29-May-2027","8788294872","Active",""
"Maharashtra State Warehousing Corporation","KALWAN","6578256","Market Yard, Kalwan, KALWAN","Nashik","MAHARASHTRA","3500","24-May-2022","23-May-2027","8408882562","Active",""
"Maharashtra State Warehousing Corporation","UMARAGA","6585186","EKONDI ROAD,, MARKET YARD","Osmanabad","MAHARASHTRA","3377","30-May-2022","29-May-2027","9423326150","Active",""
"Maharashtra State Warehousing Corporation","LASALGAON","6582035","MARKET YARD, KOTAMGAON ROAD","Nashik","MAHARASHTRA","4000","28-May-2022","27-May-2027","8408882562","Active",""
"Maharashtra State Warehousing Corporation","KURUDWADI TADAWALE","6571509","AT Post TADAWALE Kurduwadi, TAL.MHADA","Solapur","MAHARASHTRA","12144","28-Apr-2022","27-Apr-2027","9766224408","Active",""
"Maharashtra State Warehousing Corporation","MSWC BARAMATI","6577712","MIDC ,BARAMATI,","Pune","MAHARASHTRA","15819","24-May-2022","23-May-2027","9158001058","Active",""
"Maharashtra State Warehousing Corporation","Maharashtra State Warehousing Corporation, Umarkhed","6581136","Mahagaon Road, Umarkhed,","Yavatmal","MAHARASHTRA","8280","26-May-2022","25-May-2027","7507550099","Active",""
"Maharashtra State Warehousing Corporation","Maharashtra State Warehousing Corporation, Malegaon (Washim)","6635940","APMC, Near Rest House, Malegaon (Washim),","Washim","MAHARASHTRA","2850","26-Sep-2022","25-Sep-2027","9970171187","Active",""
"Maharashtra State Warehousing Corporation","MSWC brahmapuri","6581490","Near S T Stand,Brhamapuri,","Chandrapur","MAHARASHTRA","8600","28-May-2022","27-May-2027","9689241384","Active",""
"Maharashtra State Warehousing Corporation","MSWC Ahmednagar City","6591754","WAKODI RAOD, BHAWANI NAGAR, MARKET YARD, AHMEDNAGAR,","Ahmadnagar","MAHARASHTRA","5400","07-Jun-2022","06-Jun-2027","9822347088","Active",""
"Maharashtra State Warehousing Corporation","MSWC PANDHARPUR","6579064","KORTI ROAD, IN FRONT OF KRUSHI OFFICE","Solapur","MAHARASHTRA","16424","25-May-2022","24-May-2027","9158001342","Active",""
"Maharashtra State Warehousing Corporation","MAHARASHTRA STATE WAREHOUSING CORPORATION, OSMANABAD","6591937","Marketyard, Near Tuljapur Naka, Osmanabad","Osmanabad","MAHARASHTRA","3600","07-Jun-2022","06-Jun-2027","8208543965","Active",""
"Maharashtra State Warehousing Corporation","Maharashtra State Warehousing Corporation, Sindkhed Raja","6577985","APMC, Market Yard, Sindkhed Raja,","Buldana","MAHARASHTRA","4550","24-May-2022","23-May-2027","9373032431","Active",""
"Maharashtra State Warehousing Corporation","DONDAICHA APMC","6583298","APMC MARKET YARD, SHINKHEDA ROAD DONDAICHA APMC","Dhule","MAHARASHTRA","4760","29-May-2022","28-May-2027","8408882562","Active",""
"APMC ,Tumsar","APMC ,tumsar","6691562","agriculture produce market committee ,tumsar,","Bhandara","MAHARASHTRA","1147","03-Mar-2023","02-Mar-2028","7666759424","Active",""
"Vasudha Saraf","Saraf Warehouse","7118888","Gat No.226/3/2, Mauja Paraswada (Dewadi)","Bhandara","MAHARASHTRA","1321","25-Jul-2025","24-Jul-2030","9422130335","Active",""
"Maharashtra State Warehousing Corporation","Maharashtra State Warehousing Corporation, Warud","6575641","Nagpur Road, Roshankhed Phata,","Amravati","MAHARASHTRA","7650","19-May-2022","18-May-2027","8149641881","Active",""
"Maharashtra State Warehousing Corporation","Maharashtra State Warehousing Corporation, Wadi Hingana","6634869","Plot No. 32 Near firth India ,, MIDC Area, Wadi Hingana","Nagpur","MAHARASHTRA","23535","23-Sep-2022","22-Sep-2027","9405476644","Active",""
"Maharashtra State Warehousing Corporation","MAHARASHTRA STATE WAREHOUSING CORPORATION, PURNA","6746820","NANDED-ROAD, PURNA","Parbhani","MAHARASHTRA","7510","27-Jun-2023","26-Jun-2028","9850030618","Active",""
"Maharashtra State Warehousing Corporation","MSWC Indapur","6586622","Marketyard APMC, Near hotel Khan Chacha","Pune","MAHARASHTRA","3600","30-May-2022","29-May-2027","9881697171","Active",""
"Maharashtra State Warehousing Corporation","MSWC Barshi","6586176","MARKET YARD ROAD,","Solapur","MAHARASHTRA","7280","30-May-2022","29-May-2027","8104565909","Active",""
"Maharashtra State Warehousing Corporation","MAHARASHTRA STATE WAREHOUSING CORPORATION, HINGOLI-MIDC","6575468","Plot C11, MIDC Area,, Hingoli","Hingoli","MAHARASHTRA","10450","19-May-2022","18-May-2027","9764669778","Active",""
"Maharashtra State Warehousing Corporation","MSWC SHIRURANATPAL","6588511","APMC Market Yard,, SHIRUR ANANTPAL","Latur","MAHARASHTRA","3000","01-Jun-2022","31-May-2027","7741828291","Active",""
"Maharashtra State Warehousing Corporation","BODWAD","6594543","APMC MARKET, MUKATINAGAR ROAD BODWAD","Jalgaon","MAHARASHTRA","2000","13-Jun-2022","12-Jun-2027","8408882562","Active",""
"Maharashtra State Warehousing Corporation","Palghar","6583835","Maharashtra State Warehousing Corporation, Nandore Naka, Near APMC, Manor Road","Thane","MAHARASHTRA","5000","29-May-2022","28-May-2027","9029023752","Active",""
"Maharashtra State Warehousing Corporation","MSWC Paithan - B","6783187","MSWC, B-97, MIDC Area, Tal.Paithan, Dist. Aurangabad.,","Aurangabad","MAHARASHTRA","1580","20-Sep-2023","19-Sep-2028","9307712395","Active",""
"Maharashtra State Warehousing Corporation","LONAND","6596258","LONAND SATARA ROAD, KAPAD GAON, LONAND","Satara","MAHARASHTRA","20197","20-Jun-2022","19-Jun-2027","9158001332","Active",""
"Maharashtra State Warehousing Corporation","MSWC KEDGAON A.NAGAR","6574651","PUNE BYPASS ROAD, KEDGAON","Ahmadnagar","MAHARASHTRA","16950","13-May-2022","12-May-2027","9850030702","Active",""
"Monika Gujar","SHREE GANRAJ WARE HOUSING COMPANY","6627939","Opp,Karad Railway Good Shed,, Karad Railway station, Oglewadi","Satara","MAHARASHTRA","4000","10-Sep-2022","09-Sep-2027","9404455554","Active",""
"APMC Malegaon","APMC Malegaon","6763742","Main Market Yard Camp Road,","Nashik","MAHARASHTRA","1000","27-Jul-2023","26-Jul-2028","7385572105","Active",""
"Maharashtra State Warehousing Corporation","Maharashtra State Warehousing Corporation, Wani (Yavatmal)","6635858","Chandrapur Road, Wani (Yavatmal),","Yavatmal","MAHARASHTRA","8550","26-Sep-2022","25-Sep-2027","9673527124","Active",""
"Maharashtra State Warehousing Corporation","Maharashtra State Warehousing Corporation , Hinganghat","6667448","Nagpur Hydrabad Highway, Hinganghat","Wardha","MAHARASHTRA","6780","27-Dec-2022","26-Dec-2027","9423619102","Active",""
"Maharashtra State Warehousing Corporation","LATUR P-2","6580773","Near Manjara Sugar Factory,, New MIDC Barshi Road","Latur","MAHARASHTRA","21420","26-May-2022","25-May-2027","9158001343","Active",""
"Maharashtra State Warehousing Corporation","NAVAPUR","6596704","APMC MARKET, Opp. Sai Mandi, Main Road, Navapur","Nandurbar","MAHARASHTRA","4000","22-Jun-2022","21-Jun-2027","8408882562","Active",""
"Maharashtra State Warehousing Corporation","MSWC Newasa APMC","6585095","MARKE YARD NEWASA DIST: AHEMDNAGER,","Ahmadnagar","MAHARASHTRA","4000","30-May-2022","29-May-2027","9763855710","Active",""
"Maharashtra State Warehousing Corporation","MSWC Mangalwedha","6577357","Pandharpur Road, Market Yard, Mangalwedha,","Solapur","MAHARASHTRA","2000","23-May-2022","22-May-2027","9421619421","Active",""
"Maharashtra State Warehousing Corporation","JALNA BORKHEDI","6586895","SHINDKHED RAJA ROAD, BORKHEDI DTST. JALNA, SHINDKHED RAJA ROAD, BORKHEDI DTST. JALNA","Jalna","MAHARASHTRA","33611","30-May-2022","29-May-2027","9158001317","Active",""
"Maharashtra State Warehousing Corporation","Maharashtra State Warehousing Corporation, Mangrulpir","6598775","APMC, Market Yard, Karanja Road, Mangrulpir,","Washim","MAHARASHTRA","9000","30-Jun-2022","29-Jun-2027","8806227290","Active",""
"Maharashtra State Warehousing Corporation","MSWC Wambori","6587257","APMC Market Yard,","Ahmadnagar","MAHARASHTRA","2000","30-May-2022","29-May-2027","9850732742","Active",""
"Maharashtra State Warehousing Corporation","MSWC Nanded(MIDC)","6589238","Plot No.B- 14-15 MIDC Area, Nanded","Nanded","MAHARASHTRA","31209","01-Jun-2022","31-May-2027","9158001335","Active",""
"Maharashtra State Warehousing Corporation","Maharashtra State Warehousing Corporation","6577175","Near Railway Station, Agriculture Markeing Produce Committe Katol","Nagpur","MAHARASHTRA","5850","23-May-2022","22-May-2027","7385785400","Active",""
"Maharashtra State Warehousing Corporation","MSWC Chinchwad","6577266","Mohan Nagar, Chinchwad","Pune","MAHARASHTRA","5100","23-May-2022","22-May-2027","8208195562","Active",""
"Maharashtra State Warehousing Corporation","NAMPUR","6580864","APMC MARKET YARD, APMC","Nashik","MAHARASHTRA","2000","26-May-2022","25-May-2027","8408882562","Active",""
"Maharashtra State Warehousing Corporation","Malegaon","6606065","CAMP ROAD, APMC MALEGAON, Malegaon","Nashik","MAHARASHTRA","9600","22-Jul-2022","21-Jul-2027","8408882562","Active",""
"Maharashtra State Warehousing Corporation","Maharashtra State Warehousing Corporation Wardha Shivnagar","6583389","Hinganghat Road Shivnagar Wardha,","Wardha","MAHARASHTRA","9800","29-May-2022","28-May-2027","9890308310","Active",""
"A.P.M.C.MALKAPUR","APMC MALKAPUR","6751143","BELAD YARD ,MALKAPUR,","Buldana","MAHARASHTRA","1147","04-Jul-2023","03-Jul-2028","9960783901","Active",""
"Maharashtra State Warehousing Corporation","MAHARASHTRA STATE WAREHOUSING CORPORATION, JINTUR","6612188","WARUD ROAD, JINTUR","Parbhani","MAHARASHTRA","5220","08-Aug-2022","07-Aug-2027","9960851387","Active",""
"Maharashtra State Warehousing Corporation","YAWAL","6600126","YAWAL APMC, YAWAL","Jalgaon","MAHARASHTRA","4250","08-Jul-2022","07-Jul-2027","8408882562","Active",""
"Maharashtra State Warehousing Corporation","SATARA K-4","6599310","Plot No. K-4 New MIDC, SATARA","Satara","MAHARASHTRA","11419","01-Jul-2022","30-Jun-2027","9922137827","Active",""
"Maharashtra State Warehousing Corporation","MAHARASHTRA STATE WAREHOUSING CORPORATION, SAILU","6578074","PATHRI ROAD, SAILU","Parbhani","MAHARASHTRA","7650","24-May-2022","23-May-2027","9673191509","Active",""
"Maharashtra State Warehousing Corporation","MAHARASHTRA STATE WAREHOUSING CORPORATION, JAWALA BAZAR","6580591","APMC YARD, JAWALA BAZAR","Hingoli","MAHARASHTRA","3600","26-May-2022","25-May-2027","9028980032","Active",""
"Maharashtra State Warehousing Corporation","MSWC Majalgaon","6594451","MSWC, Georai Road, Near Jining Presing, Post, PhulePimpalgaon, Majalgaon - 431131","Bid","MAHARASHTRA","12640","13-Jun-2022","12-Jun-2027","8007242826","Active",""
"StarAgriWarehousing CollateralManagementLimited","Aditya Warehousing Corporation","6658447","Godown No.2, Gat No. 178/2, A/P - Tanang,, Tal - Miraj, Dist - Sangli","Sangli","MAHARASHTRA","2732","06-Dec-2022","05-Sep-2027","9314058569","Active",""
"Maharashtra State Warehousing Corporation","MSWC Shrirampur MIDC","6586358","Shrirampur MIDC Khandala,","Ahmadnagar","MAHARASHTRA","3600","30-May-2022","29-May-2027","9158921415","Active",""
"Maharashtra State Warehousing Corporation","Maharashtra State Warehousing Corporation, Darwha","6580146","Arni Road, Darwha,","Yavatmal","MAHARASHTRA","8000","26-May-2022","25-May-2027","9766578305","Active",""
"Maharashtra State Warehousing Corporation","Maharashtra State Warehousing Corporation, Hinganghat (APMC)","6666721","Shivaji Market (APMC),, Hydrabad Highway, Hinganghat","Wardha","MAHARASHTRA","9920","26-Dec-2022","25-Dec-2027","9423619102","Active",""
"Maharashtra State Warehousing Corporation","PACHORA","6667539","PACHORA APMC,","Jalgaon","MAHARASHTRA","5400","27-Dec-2022","26-Dec-2027","8408882562","Active",""
"Maharashtra State Warehousing Corporation","MAHARASHTRA STATE WAREHOUSING CORPORATION, MANWAT","6588784","NEAR GOVT. REST-HOUSE, MANWAT","Parbhani","MAHARASHTRA","13050","01-Jun-2022","31-May-2027","9423958800","Active",""
"Maharashtra State Warehousing Corporation","OZAR","6589774","Mumbai Agra Haighway,","Nashik","MAHARASHTRA","8050","01-Jun-2022","31-May-2027","8408882562","Active",""
"Maharashtra State Warehousing Corporation","MSWC Kurduwadi MIDC","6591572","Plot No 31/1, Paranda Road, Kurduwadi MIDC","Solapur","MAHARASHTRA","16680","07-Jun-2022","06-Jun-2027","9850110660","Active",""
"Maharashtra State Warehousing Corporation","DHULE APMC","6614259","PAROLA ROAD, MARKET ROAD","Dhule","MAHARASHTRA","6660","12-Aug-2022","11-Aug-2027","8408882562","Active",""
"Maharashtra State Warehousing Corporation","Maharashtra State Warehousing Corporation, Chikhali","6580237","Jalna Road, In front of Renuka Petrol Pump,","Buldana","MAHARASHTRA","11200","26-May-2022","25-May-2027","9145707120","Active",""
"Maharashtra State Warehousing Corporation","Maharashtra State Warehousing Corporation, Khamgaon (Warkhed)","6585632","Shegaon Road, Khamgaon (Warkhed),","Buldana","MAHARASHTRA","29040","30-May-2022","29-May-2027","9158001330","Active",""
"Maharashtra State Warehousing Corporation","MSWC Ranjangaon","6596340","p -39 Block - P, MIDC Ranjangaon","Pune","MAHARASHTRA","16200","20-Jun-2022","19-Jun-2027","9850158927","Active",""
"Maharashtra State Warehousing Corporation","Maharashtra State Warehousing Corporation, Karanja Lad","6586267","Mauze Shaha, Murtizapur Road, Karanja,","Washim","MAHARASHTRA","3600","30-May-2022","29-May-2027","8999335198","Active",""
"Maharashtra State Warehousing Corporation","Maharashtra State Warehousing Corporation, Chandur Bazar","6579965","APMC, Market Yard, Chandur Bazar,","Amravati","MAHARASHTRA","10800","26-May-2022","25-May-2027","9527726322","Active",""
"Maharashtra State Warehousing Corporation","CHALISGAON","6599583","CHALISGAON APMC,","Jalgaon","MAHARASHTRA","12800","05-Jul-2022","04-Jul-2027","8408882562","Active",""
"Maharashtra State Warehousing Corporation","Maharashtra State Warehousing Corporation, Morshi","6596886","Survey No. 23(Part), Mauze-Talni, Amravati Road, Pimpalkhuta Fata, Morshi,","Amravati","MAHARASHTRA","6750","23-Jun-2022","22-Jun-2027","9604582482","Active",""
"Maharashtra State Warehousing Corporation","Viha Mandava","6577803","MSWC, APMC Market Yard, Viha Mandava, Viha Mandava Tal. Paithan","Aurangabad","MAHARASHTRA","2000","24-May-2022","23-May-2027","9307712395","Active",""
"Maharashtra State Warehousing Corporation","MAHARASHTRA STATE WAREHOUSING CORPORATION, DEGLUR","6756720","APMC MARKETYARD, BEHIND SHETKARI NIVAS, DEGLUR, Deglur","Nanded","MAHARASHTRA","3600","14-Jul-2023","13-Jul-2028","9764669778","Active",""
"Maharashtra State Warehousing Corporation","BHUSAWAL MIDC","6614077","BHUSAWAL MIDC,","Jalgaon","MAHARASHTRA","7200","10-Aug-2022","09-Aug-2027","8408882562","Active",""
"APMC ,pauni","APMC Pauni","6692289","Bhaitalawa ward Pauni, Pauni","Bhandara","MAHARASHTRA","1000","06-Mar-2023","05-Mar-2028","9881569891","Active",""
"National Commodities Management Services Limited","National Collateral Management Services Limited, NCML Own Warehouse","1003268","Survey No. 122, Village - Shisha, Taluka - Akola,","Akola","MAHARASHTRA","15200","18-Jan-2023","21-Aug-2027","9716870160","Active",""
"agriculture produce market committee,goregaon","APMC,Goregaon","6687784","agriculture produce market committee,goregaon,","Gondiya","MAHARASHTRA","1147","22-Feb-2023","21-Feb-2028","7507277558","Active",""
"APMC korpana","APMC Korpana","6700652","APMC korpana TQ.Korpana,","Chandrapur","MAHARASHTRA","1000","28-Mar-2023","27-Mar-2028","9890328102","Active",""
"APMC, aheri","APMC aheri","6701288","APMC aheri,aheri,","Gadchiroli","MAHARASHTRA","1147","28-Mar-2023","27-Mar-2028","7499836960","Active",""
"M/S Renuka Oil Industries","Renuka Oil Industries","6832596","Gat No-34/1 At Village Dabha,","Amravati","MAHARASHTRA","25000","05-Jan-2024","04-Jan-2029","9422323663","Active",""
"agriculture produce market committee,sindewahi","agriculture produce market committee,sindewahi","6699482","apmc,sub market yard ,navargaon,","Chandrapur","MAHARASHTRA","1147","27-Mar-2023","26-Mar-2028","9284858140","Active",""
"Reema Poddar","Reema Poddar","6991988","Survey No. 436/1, 3, 4, 5, 474, P.H. No. 23,, Bhandara Road, Nagpur","Nagpur","MAHARASHTRA","4314","06-Nov-2024","05-May-2026","9890954625","Active",""
"Kamal Industries","Kamal Industries","7097645","E-20, MIDC, KHAMGAON","Buldana","MAHARASHTRA","1100","29-May-2025","28-Aug-2029","9422180024","Active",""
"APMC SAVALI","APMC, sawali","6705511","APMC, sawali,","Chandrapur","MAHARASHTRA","1147","31-Mar-2023","30-Mar-2028","9422838111","Active",""
"Maharashtra State Warehousing Corporation","MSWC Shrirampur APMC","6612360","APMC MARKET YARD SHRIRAMPUR,","Ahmadnagar","MAHARASHTRA","6955","08-Aug-2022","07-Aug-2027","9420745026","Active",""
"Maharashtra State Warehousing Corporation","MSWC Nira","6576458","APMC MarketYard, At Post Nira,","Pune","MAHARASHTRA","3000","23-May-2022","22-May-2027","9922373301","Active",""
"Maharashtra State Warehousing Corporation","Maharashtra State Warehousing Corporation, Chandur Rly.","6579338","Plot No. B, Mini MIDC, Chandur Rly.,","Amravati","MAHARASHTRA","5400","26-May-2022","25-May-2027","9604582482","Active",""
"Maharashtra State Warehousing Corporation","Maharashtra State Warehousing Corporation, Chandrapur-MIDC","6575559","MIDC Area, Plot No.35, Near HP Gas Plant","Chandrapur","MAHARASHTRA","19750","19-May-2022","18-May-2027","7620329818","Active",""
"Maharashtra State Warehousing Corporation","Maharashtra State Warehousing Corporation, Malkapur","6635585","Nandura Road, Malkapur,","Buldana","MAHARASHTRA","6200","26-Sep-2022","25-Sep-2027","9921472770","Active",""
"Maharashtra State Warehousing Corporation","MSWC GUT NO.57, AURANGABAD","6594634","GUT NO.57, NEAR BAJAJ HOSPITAL ,BEED BYEPASS ROAD, AURANGABAD, GUT NO.57, NEAR BAJAJ HOSPITAL ,BEED BYEPASS ROAD, AURANGABAD","Aurangabad","MAHARASHTRA","21731","13-Jun-2022","12-Jun-2027","8408882581","Active",""
"Maharashtra State Warehousing Corporation","MSWC Wadi-Godri","6631444","MSWC, APMC Area, Wadigodri, Wadigodri, Jalna 431205","Jalna","MAHARASHTRA","3160","20-Sep-2022","19-Sep-2027","9075321777","Active",""
"Maharashtra State Warehousing Corporation","MSWC PARLI CITY APMC","6585368","Nath Road Industrial Area Parli-Vaijnath, Nath Road Industrial Area Parli-Vaijnath","Bid","MAHARASHTRA","4976","30-May-2022","29-May-2027","8788764960","Active",""
"babhulgaon","AMPC BABHULGAON","6775357","AT BABHULGAON DHAMANGAON RODE BABHULGAON, AT BABHULGAON DHAMANGAON RODE BABHULGAON","Yavatmal","MAHARASHTRA","1147","23-Aug-2023","22-Aug-2028","9403259988","Active",""
"Maharashtra State Warehousing Corporation","MAHARASHTRA STATE WAREHOUSING CORPORATION, HINGOLI MALHARWADI","6576631","Jawala Palshi Road, Siddharth Nagar, HINGOLI","Hingoli","MAHARASHTRA","8600","23-May-2022","22-May-2027","9822535366","Active",""
"Maharashtra State Warehousing Corporation","MSWC Sillod","6580419","MSWC, Aurangabad-Ajanta-Jalgaon Road, Sillod, Tal Sillod, Dist Aurangabad","Aurangabad","MAHARASHTRA","4740","26-May-2022","25-May-2027","9850078978","Active",""
"Maharashtra State Warehousing Corporation","Maharashtra State Warehousing Corporation","6587612","Agriculture Produce Market Committee, Market Yard Savner","Nagpur","MAHARASHTRA","3150","30-May-2022","29-May-2027","9764919922","Active",""
"Maharashtra State Warehousing Corporation","Lasur ( Station","6576276","MSWC, APMC Area, Lasur (station), Taluka- Gangapur, Aurangabad-","Aurangabad","MAHARASHTRA","4180","23-May-2022","22-May-2027","9860820981","Active",""
"Maharashtra State Warehousing Corporation","Maharashtra State Warehousing Corporation, Akola","6593370","N-66, MIDC Area, Phase-4, Akola,","Akola","MAHARASHTRA","20000","13-Jun-2022","12-Jun-2027","9403047251","Active",""
"Maharashtra State Warehousing Corporation","Maharashtra State Warehousing Corporation, Wadsa","6579692","Near Police Station, Armori Road, Wadsa Desaiganj","Gadchiroli","MAHARASHTRA","9050","26-May-2022","25-May-2027","9960366303","Active",""
"APMC Bhiwapur","APMC Bhiwapur","6699300","at post bhiwapur ta bhiwapur, nakshi road","Nagpur","MAHARASHTRA","1000","27-Mar-2023","26-Mar-2028","9422220104","Active",""
"Maharashtra State Warehousing Corporation","Tasgaon","6584460","Market Yard Tasgaon,","Sangli","MAHARASHTRA","3480","30-May-2022","29-May-2027","9860345007","Active",""
"Maharashtra State Warehousing Corporation","MSWC Karmala","6581045","""Jamkhed Road, Karmala 413203"", ""M.S.W.C Market Yard,""","Solapur","MAHARASHTRA","3600","26-May-2022","25-May-2027","8369278804","Active",""
"Maharashtra State Warehousing Corporation","MSWC Bhosari","6580955","PUNE-NASHIK HIGHWAY, NEAR PANJARPOL","Pune","MAHARASHTRA","13800","26-May-2022","25-May-2027","7709745686","Active",""
"Maharashtra State Warehousing Corporation","BEED","6589592","PLOT NO.47,48, MIDC AREA BEED TQ.DIST.BEED","Bid","MAHARASHTRA","8726","01-Jun-2022","31-May-2027","8329768566","Active",""
"Maharashtra State Warehousing Corporation","MAHARASHTRA STATE WAREHOUSING CORPORATION, DHARMABAD","6582126","RATNALI ROAD,, DHARMABAD","Nanded","MAHARASHTRA","5400","28-May-2022","27-May-2027","8830758165","Active",""
"Maharashtra State Warehousing Corporation","Maharashtra State Warehousing Corporation, Hinganghat","6633788","Nagpur Hydarabad Highway, Hinganghat","Wardha","MAHARASHTRA","19050","22-Sep-2022","21-Sep-2027","9423619102","Active",""
"Maharashtra State Warehousing Corporation","SATANA","6581946","MALEGAON ROAD,SATANA, SATANA","Nashik","MAHARASHTRA","5850","28-May-2022","27-May-2027","8408882562","Active",""
"SSK Agro Farmer Producer Company Limited","SSK Agro Warehousing Services Pvt Ltd","7120058","At Post Yusufwadgaon Tq Kaij Dist Beed,","Bid","MAHARASHTRA","2000","28-Jul-2025","27-Jul-2030","9423774079","Active",""
"Maharashtra State Warehousing Corporation","MSWC Kurduwadi APMC","6593461","Market Yard,Kurduwadi, Tembhurni Road","Solapur","MAHARASHTRA","12000","13-Jun-2022","12-Jun-2027","9860714784","Active",""
"APMC, arjuni morgaon","APMC,arjuni morgaon","6704704","APMC, arjuni morgaon,","Gondiya","MAHARASHTRA","1147","31-Mar-2023","30-Mar-2028","7066502088","Active",""
"Maharashtra State Warehousing Corporation","JALGAON H-14","6574925","PLOT NO.H14,MIDC AREA,JALGAON, JALGAON","Jalgaon","MAHARASHTRA","61803","15-May-2022","14-May-2027","9579713020","Active",""
"Maharashtra State Warehousing Corporation","Maharashtra State Warehousing Corporation","6580328","Agricultural Produce Market Committee, Gokul Nagar , Gadchiroli","Gadchiroli","MAHARASHTRA","4000","26-May-2022","25-May-2027","7875144303","Active",""
"Maharashtra State Warehousing Corporation","MSWC, AHMEDPUR","6578975","MIDC Area, Nanded Road, AHMEDPUR","Latur","MAHARASHTRA","5100","25-May-2022","24-May-2027","9975790190","Active",""
"Maharashtra State Warehousing Corporation","MAHRASHTRA STATE WAREHOUSING CORPORATION, LOHA","6612279","APMC MARKET YARD, LOHA","Nanded","MAHARASHTRA","4800","08-Aug-2022","07-Aug-2027","9850611382","Active",""
"Maharashtra State Warehousing Corporation","Jaysingpur","6594279","Market yard,Near Pol Factory, Jaysingpur,","Kolhapur","MAHARASHTRA","5400","13-Jun-2022","12-Jun-2027","9175927336","Active",""
"Maharashtra State Warehousing Corporation","NANDURBAR","6592208","G.T.P.college Road Nandurbar, Opp Shani mandir, Nandurbar","Nandurbar","MAHARASHTRA","11520","07-Jun-2022","06-Jun-2027","8408882562","Active",""
"Kirti Oil Industries Pvt Ltd","Kirti Oil Industries Pvt Ltd","7103492","Gat No.93/2 Latur to Umerga Road Mane Petrol pump Side,","Osmanabad","MAHARASHTRA","9659","11-Jun-2025","10-Jun-2030","9158490000","Active",""
"Kirti Oil Industries Pvt Ltd","Kirti Oil Industries Pvt Ltd","7103583","Gat No.304/2 Akola to Boragaon Manju Road Old Bypass Ajmera furniture opposite,","Akola","MAHARASHTRA","15824","11-Jun-2025","10-Jun-2030","9158490000","Active",""
"Maharashtra State Warehousing Corporation","Maharashtra State Warehousing Corporation, Deolgaon Raja","6578702","MIDC Area, Shingaon Fata, Near ITI, Chikhali Road, Deolgaon Raja,","Buldana","MAHARASHTRA","5000","24-May-2022","23-May-2027","9373032431","Active",""
"Maharashtra State Warehousing Corporation","MAHARASHTRA STATE WAREHOUSING CORPORATION, LATUR A1","6580682","Plot No. A!, Old MIDC Area, Barshi Road, LATUR","Latur","MAHARASHTRA","16650","26-May-2022","25-May-2027","7798041921","Active",""
"APMC ,SINDI","APMC SELOO","6693360","SUKLI STATION ROAD,","Wardha","MAHARASHTRA","1000","07-Mar-2023","06-Mar-2028","9970356620","Active",""
"APMC Pulgaon","APMC pulgaov sub market yard Devali","6694350","Devali TQ.Devali,","Wardha","MAHARASHTRA","1000","14-Mar-2023","13-Mar-2028","9850412844","Active",""
"APMC ,lakhani","APMC ,lakhani","6688238","agriculture produce market commitee,lakhani,","Bhandara","MAHARASHTRA","1147","23-Feb-2023","22-Feb-2028","9404523726","Active",""
"Maharashtra State Warehousing Corporation","MSWC DONDAICHA RAMI ROAD","6575286","Near Fly oevr Bridge, Rami Raod Dondaicha","Dhule","MAHARASHTRA","11613","19-May-2022","18-May-2027","9158001337","Active",""
"APMC Umared","APMC Umared Warehouse","6681399","AT Apmc Umared sub market yard champa nagpur umared road,","Nagpur","MAHARASHTRA","1146","11-Feb-2023","10-Feb-2028","9921304211","Active",""
"Maharashtra State Warehousing Corporation","HAKNAKWADI","6584379","Haknakwadi,Ahemedpur road,udgir, HAKNAKWADI","Latur","MAHARASHTRA","3600","30-May-2022","29-May-2027","9970640322","Active",""
"Maharashtra State Warehousing Corporation","Maharashtra State Warehousing Corporation, Khamgaon City","6635767","APMC, Market Yard, Khamgaon,","Buldana","MAHARASHTRA","3620","26-Sep-2022","25-Sep-2027","8855899877","Active",""
"Agricultural Produce Market Committee Nandura Tq Nandura Dist Budhana","Agricultural Produce Market Committee Nandura","6748172","TQ NANDURA, DIST BULDHANA","Buldana","MAHARASHTRA","1000","30-Jun-2023","29-Jun-2028","9022118473","Active",""
"agriculture produce market committee,amgaon","APMC ,Amgaon","6690127","agriculture produce market committee,amgaon,","Gondiya","MAHARASHTRA","1147","28-Feb-2023","27-Feb-2028","9022500541","Active",""
"Maharashtra State Warehousing Corporation","BHUSAVAL APMC","6746648","MARKET YARD,, NEAR KHACHNE MARRAIGE HALL","Jalgaon","MAHARASHTRA","5400","27-Jun-2023","26-Jun-2028","8408882562","Active",""
"Maharashtra State Warehousing Corporation","AMBAD (NASHIK)","6612451","H-105 MIDC, AMBAD NASHIK","Nashik","MAHARASHTRA","2880","08-Aug-2022","07-Aug-2027","8408882562","Active",""
"Central Warehousing Corporation","Central Warehouse Amravati","6869853","Krishna Nagar Post Office, New Cotton Market Road,Amravati","Amravati","MAHARASHTRA","28920","22-Feb-2024","21-Feb-2029","9158249847","Active",""
"Agriculture Produce Market Comm.","A.P.M.C. Digras Warehouse","6756092","Digras APMC Market Yard, Shivaji Chowk","Yavatmal","MAHARASHTRA","1","14-Jul-2023","13-Jul-2028","9422167294","Active",""
"APMC Sironcha","APMC, sironcha","6709836","APMC ,sironcha,","Gadchiroli","MAHARASHTRA","1147","17-Apr-2023","16-Apr-2028","7588302009","Active",""
"Maharashtra State Warehousing Corporation","Maharashtra State Warehousing Corpration, Arvi","6594360","Pulgaon Road, Arvi,","Wardha","MAHARASHTRA","9000","13-Jun-2022","12-Jun-2027","9420246333","Active",""
"Maharashtra State Warehousing Corporation","MSWC Kharda","6756811","Bhoom Road, APMC Marketyard","Ahmadnagar","MAHARASHTRA","3000","14-Jul-2023","13-Jul-2028","9766793572","Active",""
"Maharashtra State Warehousing Corporation","MAHARASHTRA STATE WAREHOUSING CORPORATION, KALLAMB","6756902","A.P.M.C. MARKETYARD, KALLAMB","Osmanabad","MAHARASHTRA","5400","14-Jul-2023","13-Jul-2028","8379809771","Active",""
"Maharashtra State Warehousing Corporation","MANMAD","6579874","APMC MARKET YARD, CHANWAD ROAD MANMAD","Nashik","MAHARASHTRA","12900","26-May-2022","25-May-2027","8408882562","Active",""
"NAGNATH WADEKAR","M/s wadekar Warehousing","7064611","C54 MIDC KHANAPUR, NANDED HIGHWAY ROAD","Nanded","MAHARASHTRA","2244","04-Apr-2025","03-Oct-2029","8605965757","Active",""
"Maharashtra State Warehousing Corporation","MSWC B-23 Aurangabad, MIDC","6757264","MSWC, B23 MIDC Area, Railway Station Road, Aurangabad","Aurangabad","MAHARASHTRA","5540","14-Jul-2023","13-Jul-2028","8983022545","Active",""
"arni","A.PM.C. Arni","6761670","A.PM.C. Arni Tq. Arni.Dist.yawatmal,","Yavatmal","MAHARASHTRA","1147","25-Jul-2023","24-Jul-2028","9975049260","Active",""
"APMC,nagbhid","apmc,nagbhid","6701106","apmc,nagbhid, apmc nagbhid,nagbhid","Chandrapur","MAHARASHTRA","1147","28-Mar-2023","27-Mar-2028","9422943283","Active",""
"KRUSHI UTPANNA BAZAR SAMITI MOTALA","KRUSHI UTPANNA BAZAR SAMITI MOTALA","6786156","At.Po.Motala Ta.Motala Dist.Buldana, At.Po.Motala","Buldana","MAHARASHTRA","1147","26-Sep-2023","25-Sep-2028","9421473297","Active",""
"Maharashtra State Warehousing Corporation","LOHARA (Y)","6579247","MIDC Area, Lohara,","Yavatmal","MAHARASHTRA","16364","26-May-2022","25-May-2027","9665234365","Active",""
"APMC LAsalgaon","APMC Lasalgaon","6713887","Vinchur,","Nashik","MAHARASHTRA","1000","01-May-2023","30-Apr-2028","7387670813","Active",""
"Central Warehousing Corporation","Central Warehouse, Vashi","2751640","Near APMC/Turbhe Railway station, vashi","Thane","MAHARASHTRA","97406","24-Feb-2021","23-Feb-2026","9819204148","Active",""
"Central Warehousing Corporation","Central Warehousing Corporation Central Warehouse CFS Ambad","6871834","Plot No C-901, MIDC Industrial Area Ambad, Nasik,","Nashik","MAHARASHTRA","15825","26-Feb-2024","25-Feb-2029","8888051609","Active",""
"Maharashtra State Warehousing Corporation","MAHARASHTRA STATE WAREHOUSING CORPORATION, PARANDA","6757538","APMC MARKETYARD, PARANDA","Osmanabad","MAHARASHTRA","3420","17-Jul-2023","16-Jul-2028","7620211011","Active",""
"Shweta Agrawal","Om shiv Ganesh Industries","6962195","Survey No. 148/6, Khanapur, Trambakpur, MIDC Area Akot","Akola","MAHARASHTRA","4861","28-Jul-2024","27-Jul-2029","9423128093","Active",""
"APMC Sangamner","Submarket Wadgaon","6961387","Pune-Shirdi Road, Wadgaon pan,","Ahmadnagar","MAHARASHTRA","1000","28-Jul-2024","27-Jul-2029","8605759275","Active",""
"A.P.M.C.Mahagaon Tq. Dist.yawatmal","A.P.M.C.mahagaon","6938252","A.P.M.C.mahagaon Tq.mahagaon dist.yavatmal,","Yavatmal","MAHARASHTRA","1000","05-Jun-2024","04-Jun-2029","9604876967","Active",""
"RUCHI AGRAWAL","Ruchi Agrawal","7094675","Kh. No. 113, Mouza- Mahalgaon, Tah. Kamptee, Dist. Nagpur","Nagpur","MAHARASHTRA","3960","26-May-2025","25-May-2030","9049497779","Active",""
"Maharashtra State Warehousing Corporation","MSWC RATNAGIRI","6578348","T-6 MIDC ,MIRJOLE BLOCK,, TAL & DIST. RATNAGIRI","Ratnagiri","MAHARASHTRA","14260","24-May-2022","23-May-2027","8097537118","Active",""
"Maharashtra State Warehousing Corporation","AKKALKOT","6593552","Akkalkot, Akkalkot","Solapur","MAHARASHTRA","7704","13-Jun-2022","12-Jun-2027","9175989021","Active",""
"agriculture produce market committee, bhrmpuri","APMC, bramhpuri","6706147","APMC, bramhpuri,","Chandrapur","MAHARASHTRA","1147","31-Mar-2023","30-Mar-2028","8329884348","Active",""
"Maharashtra State Warehousing Corporation","SHAHADA","6581672","BEHIND STATE BANK, MARKET YARD","Nandurbar","MAHARASHTRA","5100","28-May-2022","27-May-2027","8408882562","Active",""
"BARAFWALA AGRO PROCESSORS","BARAFWALA AGRO PROCESSORS","7089998","GATE NO 807, 818,819, DADDI ROAD,, KALAVIKATTI, GADHINGLAJ, KOLHAPUR","Kolhapur","MAHARASHTRA","2678","15-May-2025","14-May-2030","9880200244","Active",""
"RENUKA PARSEWAR","PRASHANT WAREHOUSE","6740526","GUT NO.195,BHAYEGAON ROAD,JAWAHAR NAGAR,TUPPA,NANDED-431603,","Nanded","MAHARASHTRA","10440","22-Jun-2023","21-Jun-2028","8208753226","Active",""
"Central Warehousing Corporation","CENTRAL WAREHOUSE, SANGLI","6826564","3RD LANE, MARKET YARD, SANGLI","Sangli","MAHARASHTRA","16060","26-Dec-2023","25-Dec-2028","9921508544","Active",""
"Central Warehousing Corporation","CENTRAL WAREHOUSE NASHIK ROAD","4131668","CENTRAL WAREHOUSE NASHIK ROAD, DEOLALI GAON, OPP.URDU SCHOOL, NASIK ROAD -422101,","Nashik","MAHARASHTRA","20182","31-Mar-2021","30-Mar-2026","8888051609","Active",""
"StarAgriWarehousing CollateralManagementLimited","JAI WAREHOUSING CORPORATION","6837181","Godown No. - 1 & 2, Survey No. - 45/3, Mangrulpir Road,, At. - Barshitakli, Dist. - Akola","Akola","MAHARASHTRA","3363","12-Jan-2024","11-Jan-2029","9314058569","Active",""
"Maharashtra State Warehousing Corporation","Maharashtra State Warehousing Corporation, Tiosa","6720452","APMC Market Year, Satargaon Road, Tiosa,","Amravati","MAHARASHTRA","2780","26-May-2023","25-May-2028","8805017485","Active",""
"Maharashtra State Warehousing Corporation","MSWC Mirajgaon","6757082","APMC Marketyard, Near Water Tank","Ahmadnagar","MAHARASHTRA","3000","14-Jul-2023","13-Jul-2028","9763474246","Active",""
"Central Warehousing Corporation","Central Warehouse Miraj Base Depot","2531646","Manik Nagar Near Railway Colony, Miraj","Sangli","MAHARASHTRA","80000","18-Feb-2021","17-Feb-2026","9860603465","Active",""
"Agricultural Produce Market Committee Manchar","Agricultural Produce Market Committee Manchar","6865174","Market yard Manchar,","Pune","MAHARASHTRA","1147","19-Feb-2024","18-Feb-2029","9922861133","Active",""
"Central Warehousing Corporation","cw ambernath","3931646","chincholi, ambernath","Thane","MAHARASHTRA","5000","24-Mar-2021","23-Mar-2026","9819171589","Active",""
"Agricultural Produce Market Committee, Balapur","APMC Balapur","6739981","Sub Yard Wadegaon, Balapur Patur Road","Akola","MAHARASHTRA","1147","19-Jun-2023","18-Jun-2028","9370543764","Active",""
"Saastha Warehousing Private Limited","Saastha Warehousing Private Limited","7091614","At Bhingar Post Ajiwali Taluka Panvel,","Raigarh","MAHARASHTRA","10000","20-May-2025","19-May-2030","9619920104","Active",""
"AGRICULTURAL PRODUCE MARKET COMMITTEE","KRUSHI UTTPANA BAZAR SAMITI TULJAPUR","6763296","Latur road Market yard,","Osmanabad","MAHARASHTRA","1000","27-Jul-2023","26-Jul-2028","9975720584","Active",""
"Maharashtra State Warehousing Corporation","Lote Parshuram","6769053","M.I.D.C Area lote (P) P.29,","Ratnagiri","MAHARASHTRA","5830","31-Jul-2023","30-Jul-2028","8097537118","Active",""
"APMC BARSHITAKLI","A.p.m.c. barashitakli","6759872","Apmc barshi takli mahan road near railway station barshi takli.,","Akola","MAHARASHTRA","1000","20-Jul-2023","19-Jul-2028","+919766677","Active",""
"RABIA LOGISTICS PRIVATE LIMITED","RABIA LOGISTICS PRIVATE LIMITED","6882187","Dagad Umra Fata Washim Pusad Road Dhanora Kh.,","Washim","MAHARASHTRA","35000","08-Mar-2024","07-Sep-2028","9763430060","Active",""
"PHOENIX ENTERPRISES","PHOENIX ENTERPRISES","6741334","GAT NO 474 & 475 ,GAT NO 472/1/A,","Nandurbar","MAHARASHTRA","16804","22-Jun-2023","21-Jun-2028","9923056090","Active",""
"Purushottam Biyani","Biyani Warehouse","7008907","masala Pen,","Washim","MAHARASHTRA","500","10-Jan-2025","09-Jan-2030","9423127897","Active",""
"AAI SHARDA LOGISTICS PRIVATE LIMITED","AAI SHARDA LOGISTICS PRIVATE LIMITED","6744759","At Gut No. 68/2/B, 68/3/A, 67/1/B1, Village - Hol T Haveli,","Nandurbar","MAHARASHTRA","20000","24-Jun-2023","23-Dec-2027","9850070254","Active",""
"Maharashtra State Warehousing Corporation","MSWC Vaijapur","6746556","MSWC, Opp power house,, Aurangabad Rd, Vaijapur","Aurangabad","MAHARASHTRA","6320","27-Jun-2023","26-Jun-2028","9860820981","Active",""
"Maharashtra State Warehousing Corporation","MAHARASHTRA STATE WAREHOUSING CORPORATION, AUSA","6746911","PLOT NO.B-11 MIDCI AUSA, AUSA","Latur","MAHARASHTRA","5400","27-Jun-2023","26-Jun-2028","9579866338","Active",""
"Central Warehousing Corporation","CENTRAL WAREHOUSE YAVATMAL","6825665","DHAMANGAON ROAD, NEAR OCTROI CHECK POST","Yavatmal","MAHARASHTRA","23714","26-Dec-2023","25-Dec-2028","9372309019","Active",""
"Yogita Rathi","Yogita Rathi Warehouse","7083967","Plat No.02 Survey No.102/02, Mouja - Kohli, Tah- Hinganghat, Dist- Wardha","Wardha","MAHARASHTRA","5903","02-May-2025","01-Nov-2029","9850308030","Active",""
"Maharashtra State Warehousing Corporation","MAHARASHTRA STATE WAREHOUSING CORPORATION, PARBHANI-CITY","6589501","Behind Zilha Parishad Parbhani, Near DSM Collage, PARBHANI","Parbhani","MAHARASHTRA","6000","01-Jun-2022","31-May-2027","9545011693","Active",""
"Maharashtra State Warehousing Corporation","AMALANER","6589865","APMC MARKET /Takarkheda Road, AMALNER","Jalgaon","MAHARASHTRA","13990","01-Jun-2022","31-May-2027","8408882562","Active",""
"Maharashtra State Warehousing Corporation","Taloja (General)","6584551","Maharashtra State Warehousing Corporation, Plot No. L-4, MIDC Area,, IGPL Road, Taloja","Raigarh","MAHARASHTRA","18600","30-May-2022","29-May-2027","9029023752","Active",""
"StarAgriWarehousing CollateralManagementLimited","Star Agri Warehousing & Collateral Management Limited C/O Shree Ganesh Warehousing Corporation","1006741","Godown No.1 to 4 Survey no 157/2,","Akola","MAHARASHTRA","1356","16-Mar-2022","15-Mar-2027","9314058569","Active",""
"Kirti Oil Industries Pvt Ltd","Kirti Oil Industries Pvt Ltd","7098635","Gat No.729 Parbhani To Manwat Road Road Pedgaon Phata Road Pedgaon,","Parbhani","MAHARASHTRA","12965","29-May-2025","28-May-2030","9158490000","Active",""
"Kirti Oil Industries Pvt Ltd","Kirti Oil Industries Pvt Ltd","7098908","Gat No.94/1 Udgir to Yanki Manki Laxmi WH oppsiteRoad,","Latur","MAHARASHTRA","12880","29-May-2025","28-May-2030","9158490000","Active",""
"Krishi Vatpan Bajar Samiti Sinner","Submarket Wavi","6761852","At. Post-Wavi, Sinner Road","Nashik","MAHARASHTRA","1000","25-Jul-2023","24-Jul-2028","9766191234","Active",""
"Maharashtra State Warehousing Corporation","UDGIRMSWC,A1MIDC Area, Loni,Nanded Road,Udgir","6630818","MSWC,A1MIDC Area, Loni,Nanded Road,Udgir, UDGIR","Latur","MAHARASHTRA","12300","19-Sep-2022","18-Sep-2027","9970640322","Active",""
"Central Warehousing Corporation","CENTRAL WAREHOUSE GONIDA-1","3011645","PLOT NO B-28-29, NEAR SINDHI HIGH SCHOOL, SAWARA TOLY, MURRI ROAD","Gondiya","MAHARASHTRA","11550","02-Mar-2021","01-Mar-2026","9822901852","Active",""
"Maharashtra State Warehousing Corporation","MAHARASHTRA STATE WAREHOUSING CORPORATION, RENAPUR","6613806","APMC MARKET YARD, RENAPUR","Latur","MAHARASHTRA","4200","10-Aug-2022","09-Aug-2027","8390033220","Active",""
"Central Warehousing Corporation","CW CHIKALTHANA","4091667","PLOT NO 91 MIDC AREA, CHIKALTHANA","Aurangabad","MAHARASHTRA","5600","30-Mar-2021","29-Mar-2026","9175505584","Active",""
"Kirti Oil Industries Pvt Ltd","Kirti Oil Industries Pvt Ltd","7099179","Gt No 38/2 Karanja Lad To Manglurpir Road Washim Road,","Washim","MAHARASHTRA","16966","29-May-2025","28-May-2030","9158490000","Active",""
"Agricultural Produce Market Committee Baramati","Agricultural Produce Market Committee Baramati","6839526","Indapur Road, Market Yard","Pune","MAHARASHTRA","1147","18-Jan-2024","17-Jan-2029","9860305093","Active",""
"Kirti Oil Industries Pvt Ltd","Kirti Oil Industries Pvt Ltd","7099351","Gat No.46 Latur To Ambegogai Road Satephal oad,","Bid","MAHARASHTRA","13914","29-May-2025","28-May-2030","9158490000","Active",""
"Sadhana Khutwad","Sadhana Chitrasen Khutwad","6790299","Sr. No, 159/3 & 4, Pune-Saswad Road","Pune","MAHARASHTRA","18444","11-Oct-2023","10-Oct-2028","8698502525","Active",""
"Kirti Oil Industries Pvt Ltd","Kirti Oil Industries Pvt Ltd","7104664","Gat No.95 Barshi Kurduwadi Road Wangarwadi,","Solapur","MAHARASHTRA","14598","19-Jun-2025","18-Jun-2030","9158490000","Active",""
"Maharashtra State Warehousing Corporation","Maharashtra State Warehousing Corporation Amgaon","6575732","Pondhwana Road Kumbhartoli, Amgaon","Gondiya","MAHARASHTRA","8600","19-May-2022","18-May-2027","9561639170","Active",""
"Maharashtra State Warehousing Corporation","KASODA","6598593","APMC MARKET YARD, KASODA","Jalgaon","MAHARASHTRA","2000","30-Jun-2022","29-Jun-2027","8408882562","Active",""
"STEINWEG-SHARAF INDIA PRIVATE LIMITED","Steinweg Sharaf India Pvt Ltd C/O ARHAM LOGIPARC WH","7121130","Godown no 3, Building no B1, Land Bearing Gramin house no 1164, Mumbai Nashik Highway Road, village Valasind, Bhiwandi","Thane","MAHARASHTRA","1700","31-Jul-2025","30-Jul-2030","9584847450","Active",""
"Central Warehousing Corporation","Kolhapur-II","4131649","A-3,MIDC,Gokulshirgaon,Kolhapur,","Kolhapur","MAHARASHTRA","20000","31-Mar-2021","30-Mar-2026","7767089708","Active",""
"Shree Shubham Logistics Limited","SHREE SHUBHAM LOGISTICS LIMITED, SAVITA ANAND AGRAWAL WAREHOUSE,","2111643","SURVEY NO.11, PLOT NO.02, MOUJE-JOGBAN,, TALUKA-AKOT, DISTRICT-AKOLA, MAHARASHTRA.","Akola","MAHARASHTRA","3202","18-Jan-2021","17-Jan-2026","9850377732","Active",""
"Maharashtra State Warehousing Corporation","MSWC Vashi","6598957","Maharashtra State Warehousing Corporation, Sector 18, Plot No. 37,, APMC, Market Yard, Vashi","Thane","MAHARASHTRA","3300","01-Jul-2022","30-Jun-2027","9158001325","Active",""
"Maharashtra State Warehousing Corporation","MSWC Gultekdi A","6614341","583/B Marketyard ,Gultekadi Pune 411 037,","Pune","MAHARASHTRA","5400","12-Aug-2022","11-Aug-2027","8329791797","Active",""
"Punam Choudhary","Vasant Elite Warehouse","6967418","23 Wahgoli Lehegaon Morshi Road,","Amravati","MAHARASHTRA","5000","14-Aug-2024","13-Aug-2029","8808881919","Active",""
"BLACKSTONE LOGISTICS PRIVATE LIMITED","BLACKSTONE LOGISTICS PRIVATE LIMITED","6888846","Akola Bypass, Temburna Phata Khamgoan,","Buldana","MAHARASHTRA","35000","18-Mar-2024","17-Sep-2028","8999015267","Active",""
"Maharashtra State Warehousing Corporation","Panvel Cold Storage","6590046","Maharashtra State Warehousing Corporation, Plot No. 463,, Raigad Bazar, APMC Market Yard, Panvel","Raigarh","MAHARASHTRA","5000","01-Jun-2022","31-May-2027","8149199753","Active",""
"Maharashtra State Warehousing Corporation","MSWC DONDAICHA WANI ROAD","6575104","S. No. 8/2, 9/2, 9/1 Vani Road Warvade, Shivar","Dhule","MAHARASHTRA","14576","15-May-2022","14-May-2027","8551041333","Active",""
"Maharashtra State Warehousing Corporation","MSWC Karjat","6589329","Maharashtra State Warehousing Corporation, Dahivali Krushi Utpanna Bazar Samiti, Market Yard","Raigarh","MAHARASHTRA","1450","01-Jun-2022","31-May-2027","9137308234","Active",""
"KHURANA WAREHOUSING","KHURANA WAREHOUSING","7123565","PLOT NO C26, MIDC AREA LIMBALA MAKTA","Hingoli","MAHARASHTRA","3300","05-Aug-2025","04-Aug-2030","9764555001","Active",""
"Maharashtra State Warehousing Corporation","MAHARASHTRA STATE WAREHOUSING CORPORATION, NANDED-CITY","6634505","NANDED-HINGOLI ROAD, VASANT NAGER","Nanded","MAHARASHTRA","5640","23-Sep-2022","22-Sep-2027","9823426019","Active",""
"Maharashtra State Warehousing Corporation","MSWC Akluj","6603005","Marketyard, Akluj,","Solapur","MAHARASHTRA","8600","19-Jul-2022","18-Jul-2027","7387672472","Active",""
"Maharashtra State Warehousing Corporation","Maharashtra State Warehousing Corporation, Pusad","6633606","Dhankeshwar Road, Washim Road,","Yavatmal","MAHARASHTRA","8000","22-Sep-2022","21-Sep-2027","9767960097","Active",""
"Maharashtra State Warehousing Corporation","Maharashtra State Warehousing Corporation, Wardha MIDC","6634059","MIDC Area, Sewagram Road, Wardha MIDC","Wardha","MAHARASHTRA","15000","22-Sep-2022","21-Sep-2027","9421852599","Active",""
"Vikas Agro Producer Company Limited","Vikas Agro Producer Company Limited","7012503","Gat No 79, Nagzari,","Latur","MAHARASHTRA","2160","23-Jan-2025","22-Oct-2029","9823733322","Active",""
"Vijayalakshmi Agro Foods Pvt.Ltd","Vijayalakshmi Agro Foods Pvt.Ltd","6534150","Plot No. 6 Newasa MIDC Area, Pandharipool Tal Newasa","Ahmadnagar","MAHARASHTRA","5000","24-Sep-2021","23-Sep-2026","9822407055","Active",""
"VENKATESHWARA WAREHOUSING","VENKATESHWARA WAREHOUSING","6856801","Gno: 374,375,376,377, vill: kalgaon,","Hingoli","MAHARASHTRA","10000","09-Feb-2024","08-Feb-2029","8688778324","Active",""
"Central Warehousing Corporation","CENTRAL WAREHOUSE- WARDHAMAN NAGAR, NAGPUR","6828008","CENTRAL WAREHOUSE- WARDHAMAN NAGAR, NAGPUR,","Nagpur","MAHARASHTRA","17850","27-Dec-2023","26-Dec-2028","7506733095","Active",""
"Maharashtra State Warehousing Corporation","Maharashtra State Warehousing Corporation, Telhara","6576722","APMC, Market Yar, Telhara,","Akola","MAHARASHTRA","4800","23-May-2022","22-May-2027","8788101807","Active",""
"STEINWEG-SHARAF INDIA PRIVATE LIMITED","Steinweg Sharaf India Pvt Ltd C/O Preet Warehouse","6997746","Gut no 72, mouja moujabad, Gangapur Aurangabad road,, Tah. gangapur, dist. Aurangabad","Aurangabad","MAHARASHTRA","1690","26-Nov-2024","25-Nov-2027","9584847450","Active",""
"STEINWEG-SHARAF INDIA PRIVATE LIMITED","Steinweg Sharaf India pvt Ltd C/O Buldana Urban Warehouse Ch no 5 & 6","6988653","Buldana Urban co op credit Society Godown No 5&6,, Post javara, yavatmal Road, badnera, Amravati","Amravati","MAHARASHTRA","2083","23-Oct-2024","22-Oct-2027","9584847450","Active",""
"Central Warehousing Corporation","CW Miraj (G)","6789481","P-8 , Block C , MIDC Area Miraj, District Sangli","Sangli","MAHARASHTRA","10000","11-Oct-2023","10-Jan-2028","8668717995","Active",""
"Central Warehousing Corporation","CW,AKOLA-II","6797229","MOHTA MILL COMPLEX, BEHIND APMC MARKET","Akola","MAHARASHTRA","27400","30-Oct-2023","29-Oct-2028","9021136571","Active",""
"STEINWEG-SHARAF INDIA PRIVATE LIMITED","Steinweg Sharaf India Pvt Ltd C/O Shantilal jain WH Ch no 4 & 8","6996755","Shantilal jain Agro Product Market pvt Ltd, gut no 575/3, manur Road, Bodwad, Dist. jalgaon","Jalgaon","MAHARASHTRA","2339","25-Nov-2024","24-Nov-2029","9584847450","Active",""
"Maharashtra State Warehousing Corporation","Maharashtra State Warehousing Corporation Karanja Gahadge","6583470","Agricultar Produce Market Committee, Nagpur Road Karanja Gahadge,","Wardha","MAHARASHTRA","5220","29-May-2022","28-May-2027","9689977551","Active",""
"Agricultural Produce Market Committee Akkalkot","Agricultural Produce Market Committee Akkalkot","7048507","Shri Basaveshwar Market Yard, Bagehalli Road","Solapur","MAHARASHTRA","1195","24-Mar-2025","23-Mar-2030","9423526023","Active",""
"Maharashtra State Warehousing Corporation","MSWC Solapur","6593735","PLOT NO.8, SIDDHESHWAR MARKET YARD,","Solapur","MAHARASHTRA","5400","13-Jun-2022","12-Jun-2027","9960243003","Active",""
"National Commodities Management Services Limited","National Collateral Management Services Ltd., C/O Maruti Nandan Warehouse","1004175","Survey No. 52/2, Mauje Sonori, Taluka- Mutizapur,","Akola","MAHARASHTRA","4978","17-Jan-2023","16-Nov-2027","7387056402","Active",""
"National Commodities Management Services Limited","MARUTI NANDAN WAREHOUSE CORPORATION","7171649","SURVEY NO.52/2,MAUJE SONORI,TALUKA-MURTIZAPUR, Sonori, Murtizapur","Akola","MAHARASHTRA","7475","11-Jul-2023","04-Mar-2027","7387056402","Active",""
"National Commodities Management Services Limited","Meena Pravin Chandak","5791641","Survey no 9 Jogban Wadali Satwai Hiwarkhed Road Akot, Taluka :Akot","Akola","MAHARASHTRA","3105","31-Mar-2023","22-Jan-2028","7387056402","Active",""
"Maharashtra State Warehousing Corporation","Maharashtra State Warehousing Corporation, Achalpur","6633960","APMC, Market Yard, Achalpur,","Amravati","MAHARASHTRA","5000","22-Sep-2022","21-Sep-2027","9604743185","Active",""
"Maharashtra State Warehousing Corporation","Maharashtra State Warehousing Corporation, Akot","6581581","APMC, Market Yard, Akot,","Akola","MAHARASHTRA","3870","28-May-2022","27-May-2027","9146938353","Active",""
"Dayashankar Jaiswal","Jaiswal Agri Trading","6833313","Survey No-240/1,","Nagpur","MAHARASHTRA","2375","09-Jan-2024","08-Jul-2028","7620500174","Active",""
"Maharashtra State Warehousing Corporation","Maharashtra State Warehousing Corporation, Nandgaon Kh.","6582217","APMC, Market Yard, Amravati Road, Nadgaon Khandeshwar,","Amravati","MAHARASHTRA","3600","28-May-2022","27-May-2027","8208231129","Active",""
"Maharashtra State Warehousing Corporation","Maharashtra State Warehousing Corporation, Mehekar","6589055","APMC, Market Yard, Dongaon Road, Mehekar,","Buldana","MAHARASHTRA","10000","01-Jun-2022","31-May-2027","9881751896","Active",""
"Maharashtra State Warehousing Corporation","Maharashtra State Warehousing Corporation, Murtizapur","6581227","N.H.-6, Near Yavatmal Railway Crossing, Murtizapur,","Akola","MAHARASHTRA","17650","26-May-2022","25-May-2027","9422862537","Active",""
"Maharashtra State Warehousing Corporation","MSWC Newasa MIDC","6594188","Pandharipool,","Ahmadnagar","MAHARASHTRA","2800","13-Jun-2022","12-Jun-2027","8956103577","Active",""
"Abhimanyu Gujar","GANRAJ KRUPA WARE HOUSING COMPANY","6608319","Opp,Karad Railway Good Shed, Karad Railway station, Oglewadi, Tal:- Karad Dist:- Satara","Satara","MAHARASHTRA","4000","29-Jul-2022","28-Jul-2027","9822245555","Active",""
"StarAgriWarehousing CollateralManagementLimited","Aditya warehousing corporation","6511029","Gat No. 178/2, A/P - Tanang,, Tal - Miraj, Sangli, MIRAJ,","Sangli","MAHARASHTRA","2001","05-Apr-2024","25-Jun-2029","9314058569","Active",""
"Maharashtra State Warehousing Corporation","MSWC Kopergaon","6594097","APMC MARKET YARD KOPARGAON,","Ahmadnagar","MAHARASHTRA","8360","13-Jun-2022","12-Jun-2027","9604771005","Active",""
"Central Warehousing Corporation","CW AKOLA-I","3431640","DESHMUKH FILE IN FRONT OF APMC MARKET AKOLA, AKOLA","Akola","MAHARASHTRA","17420","12-Mar-2021","11-Mar-2026","9021136571","Active",""
"Maharashtra State Warehousing Corporation","MAHARASHTRA STATE WAREHOUSING CORPORATION, KINWAT","6589956","Mahur Rd., Co. Op. Cotton Ginning & Pressing Soc. Ltd. Kinwat, Tq. Kinwat, KINWAT","Nanded","MAHARASHTRA","3150","01-Jun-2022","31-May-2027","7972962388","Active",""
"APMC ,SINDI","APMC submarket, seloo","6827737","sukli station road ,seloo,","Wardha","MAHARASHTRA","1000","26-Dec-2023","25-Dec-2028","9970356620","Active",""
"Maharashtra State Warehousing Corporation","MSWC Vairag","6588875","Market Yard Vairag,","Solapur","MAHARASHTRA","2000","01-Jun-2022","31-May-2027","7972587050","Active",""
"Maharashtra State Warehousing Corporation","MIRAJ","6587521","Miraj Pandharpur road, Tasgaon Phata, Miraj, Gat No. 2233A, Malgaon,Miraj","Sangli","MAHARASHTRA","14400","30-May-2022","29-May-2027","9404716517","Active",""
"Maharashtra State Warehousing Corporation","Takari","6586713","Marketyard, Takari, Tal- Walwa,,","Sangli","MAHARASHTRA","2980","30-May-2022","29-May-2027","9096978970","Active",""
"Maharashtra State Warehousing Corporation","DHULE MIDC","6591663","Near p-7 Midc Avdhan Dhule, Near Balaji weighbridge","Dhule","MAHARASHTRA","22650","07-Jun-2022","06-Jun-2027","8668773871","Active",""
"Maharashtra State Warehousing Corporation","Kannad","6592026","MSWC, APMC Area, Kannad, Kannad, Aurangabad-431103","Aurangabad","MAHARASHTRA","3000","07-Jun-2022","06-Jun-2027","9850078978","Active",""
"Maharashtra State Warehousing Corporation","Islampur","6633879","Kapurwadi,Market yard Islampur, Taluka Walwa","Sangli","MAHARASHTRA","3600","22-Sep-2022","21-Sep-2027","9325205855","Active",""
"Maharashtra State Warehousing Corporation","RAVER","6582308","Near by ITI,Utkheda Road,Pal Phata, RAVER","Jalgaon","MAHARASHTRA","5160","28-May-2022","27-May-2027","8408882562","Active",""
"APMC Shrigonda","APMC Shrigonda","6861215","Market Yard Shrigonda, Duand-Jamkhed Road","Ahmadnagar","MAHARASHTRA","1000","14-Feb-2024","13-Feb-2029","7028839989","Active",""
"Maharashtra State Warehousing Corporation","SINNAR WAREHOUSE","6613715","Plot No. E9,, SINNAR MIDC AREA, SINNAR","Nashik","MAHARASHTRA","7140","10-Aug-2022","09-Aug-2027","8408882562","Active",""
"Maharashtra State Warehousing Corporation","DHARANGAON","6599047","A.P.M.C MARKET, DHARANGAON","Jalgaon","MAHARASHTRA","6600","01-Jul-2022","30-Jun-2027","8408882562","Active",""
"Anil Raikvar","Anil Agri Industries Warehouse","7034911","Sawali Phata Shiv Mandir 20 KM Milestone, N. H. No. 6 Bhandara Road,","Nagpur","MAHARASHTRA","5000","10-Mar-2025","09-Sep-2029","7840945913","Active",""
"Maharashtra State Warehousing Corporation","CHOPDA","6580500","APMC MARKET YARD, CHOPADA","Jalgaon","MAHARASHTRA","4050","26-May-2022","25-May-2027","8408882562","Active",""
"Maharashtra State Warehousing Corporation","WANI NASHIK","6599674","MULANE ROAD,WANI (N), WANI","Nashik","MAHARASHTRA","2000","05-Jul-2022","04-Jul-2027","8408882562","Active",""
"agriculture,produce market commitee,chimur","APMC ,CHIMUR","6691745","APMC ,CHIMUR,","Chandrapur","MAHARASHTRA","1147","03-Mar-2023","02-Mar-2028","9545310259","Active",""
"Maharashtra State Warehousing Corporation","PARBHANI MIDC","6579155","21-22 MIDC PARBHANI, 21-22 MIDC","Parbhani","MAHARASHTRA","27956","26-May-2022","25-May-2027","9158001340","Active",""
"GOVINDA WAREHOUSES","GOVINDA WAREHOUSES","7109077","AT DHRMAPURI,","Parbhani","MAHARASHTRA","8000","30-Jun-2025","29-Jun-2030","9764555001","Active",""
"Maharashtra State Warehousing Corporation","MSWC Gultekdi B","6579510","583/B Marketyard ,Gultekadi Pune 411 037,","Pune","MAHARASHTRA","5100","26-May-2022","25-May-2027","8329791797","Active",""
"Maharashtra State Warehousing Corporation","DHAMANGAON","6579429","Near by DSMS Colloge, Dhamangaon, Dhamangaon","Amravati","MAHARASHTRA","12043","26-May-2022","25-May-2027","8805060702","Active",""
"Maharashtra State Warehousing Corporation","MAHARASHTRA STATE WAREHOUSING CORPORATION, HATTA","6578520","APMC MARKET YARD,, HATTA","Hingoli","MAHARASHTRA","6550","24-May-2022","23-May-2027","9860155071","Active",""
"Maharashtra State Warehousing Corporation","Ichalkaranji","6583025","Market Yard Sangli Road Ichalkaranji, Market Yard Sangli Road Ichalkaranji","Kolhapur","MAHARASHTRA","3000","29-May-2022","28-May-2027","9175927336","Active",""
"STEINWEG-SHARAF INDIA PRIVATE LIMITED","Steinweg sharaf India Pvt Ltd C/O Alkabai Bala Gadekar WH ch no 1 & 2","7006299","gadekar patil Warehousing Service Pvt Ltd, Gut no 92, Pimpri Warud, TQ. Sillod, Dist. Chhatrapati Shambhaji nagar","Aurangabad","MAHARASHTRA","2275","01-Jan-2025","30-Jun-2029","9584847450","Active",""
"Maharashtra State Warehousing Corporation","DHANAWADEWADI","6577621","Survey No. 12 & 14 A, Dhanawadewadi,, Karbude","Ratnagiri","MAHARASHTRA","18103","24-May-2022","23-May-2027","8551064333","Active",""
"Maharashtra State Warehousing Corporation","MSWC Paithan-A","6757173","MSWC, APMC Area, Nath Road, Narala Godown Paithan","Aurangabad","MAHARASHTRA","1580","14-Jul-2023","13-Jul-2028","9307712395","Active",""
"KIRTI ENTERPRISES","KIRTI ENTERPRISES PVT LTD","6938799","GAT NO. 396/2, 397/1, OLD DHAMANGOAN ROAD,","Jalgaon","MAHARASHTRA","13440","07-Jun-2024","06-Dec-2028","9158277177","Active",""
"Pooja Rathi","Parmarth Warehouse","6622179","Gat No. 57, At Post Waki Gram Panchayat Sailu-Partur Road","Parbhani","MAHARASHTRA","3500","29-Aug-2022","28-Aug-2026","9689947699","Active",""
"Maharashtra State Warehousing Corporation","BASMATNAGER","6578793","APMC, MARKET YARD, BASMATH","Hingoli","MAHARASHTRA","7200","24-May-2022","23-May-2027","9420035022","Active",""
"Maharashtra State Warehousing Corporation","Partur","6576995","MSWC, APMC Area, Pardgaon Road, Near Railway Track, Tal.Partur, Jalna 431501","Jalna","MAHARASHTRA","5840","23-May-2022","22-May-2027","7588089986","Active",""
"Maharashtra State Warehousing Corporation","KHADKI AHMADNAGAR","6576904","""At Khadki, Post-Khandala,, Tal-Nagar, Dist-Ahmednagar ""","Ahmadnagar","MAHARASHTRA","8944","23-May-2022","22-May-2027","9822148684","Active",""
"StarAgriWarehousing CollateralManagementLimited","MANOHAR COLD STORAGE & AGROTECH","7123201","CHAMBER NO D, D1, GAT NO.423, KUPWAD-TANANG ROAD, A/P-TANANG .TAL-MIRAJ,DIST-SANGLI, MAHARASTRA .PIN 416410.,","Sangli","MAHARASHTRA","820","04-Aug-2025","03-Aug-2030","9314058569","Active",""
"Agriculture produce market committee,parshiwani.","APMC Parshiwani","6825848","agriculture market committee, parshiwani,","Nagpur","MAHARASHTRA","1147","26-Dec-2023","25-Dec-2028","8770467546","Active",""
"Maharashtra State Warehousing Corporation","MSWC JALNA BHOKARDAN ROAD","6767610","BHOKARDAN ROAD JALNA,","Aurangabad","MAHARASHTRA","29667","31-Jul-2023","30-Jul-2028","8408882579","Active",""
"Maharashtra State Warehousing Corporation","Maharashtra State Warehousing Corporation, Arjuni Morgaon","6582845","Agricultur Produce Market Committee, Arjuni Morgaon","Gondiya","MAHARASHTRA","7200","29-May-2022","28-May-2027","9561075666","Active",""
"Maharashtra State Warehousing Corporation","Maharashtra State Warehousing Corporation, Washim","6575823","APMN, Market Yard, Near Railway Station, Washim,","Washim","MAHARASHTRA","10950","19-May-2022","18-May-2027","9765439919","Active",""
"ERGOS BUSINESS SOLUTIONS PRIVATE LIMITED","Dattatray Appasaheb Patil Warehouse","6719736","Village & Post Wakla, Taluka Vaijapur","Aurangabad","MAHARASHTRA","962","24-May-2023","23-May-2028","7033212281","Active",""
"STEINWEG-SHARAF INDIA PRIVATE LIMITED","Steinweg sharaf India Pvt Ltd C/O Usha Industries WH","6997654","MIDC plot no B-32, Additional MIDC Area, YAVATMAl","Yavatmal","MAHARASHTRA","2671","26-Nov-2024","25-Nov-2029","9584847450","Active",""
"Maharashtra State Warehousing Corporation","KUDAL","6588966","Kudal, Kudal","Sindhudurg","MAHARASHTRA","9821","01-Jun-2022","31-May-2027","9403322939","Active",""
"Maharashtra State Warehousing Corporation","Koregaon","6698948","Marketyard Koregaon,dist.Satara, APMC Koregaon","Satara","MAHARASHTRA","2160","24-Mar-2023","23-Mar-2028","9145272701","Active",""
"Maharashtra State Warehousing Corporation","NAGAPUR AHMEDNAGAR","6575914","P 153 NAGAPUR MIDC, AHMEDNAGAR, NEAR JIMKHANA","Ahmadnagar","MAHARASHTRA","22854","19-May-2022","18-May-2027","9822858423","Active",""
"Maharashtra State Warehousing Corporation","Satara D-5","6586531","Plot NO.D5, Old MIDC Satara","Satara","MAHARASHTRA","8800","30-May-2022","29-May-2027","9423539262","Active",""
"Maharashtra State Warehousing Corporation","Parli Tokwadi","6575013","PARLI BEED ROAD, TOKWADI","Bid","MAHARASHTRA","15378","15-May-2022","14-May-2027","9763816355","Active",""
"Maharashtra State Warehousing Corporation","Ashti","6584643","MSWC, APMC Area ( Dhotar Joda), Taluka Partur, Partur, Jalna - 431507","Jalna","MAHARASHTRA","2000","30-May-2022","29-May-2027","7588957049","Active",""
"Maharashtra State Warehousing Corporation","JALGAON B-6","6584916","AJANTHA ROAD, MIDC B-6 JALGAON","Jalgaon","MAHARASHTRA","16600","30-May-2022","29-May-2027","8408882562","Active",""
"Maharashtra State Warehousing Corporation","MUSALGAON (NASHIK)","6614887","Plot No. 142/2,, MUSALGAON MIDC MUSALGAON","Nashik","MAHARASHTRA","3000","13-Aug-2022","12-Aug-2027","8408882562","Active",""
"Maharashtra State Warehousing Corporation","CHINCHOLI (MIDC)","6584825","B/10 CHINCHOLI MIDC,","Solapur","MAHARASHTRA","21905","30-May-2022","29-May-2027","9158008754","Active",""
"APMC ,CHANDRAPUR","APMC,chandrapur","6691299","APMC,datala road ,chandrapur,","Chandrapur","MAHARASHTRA","1147","01-Mar-2023","28-Feb-2028","9822711612","Active",""
"Agricultural Produce Market Committee Kurduvadi","Agricultural Produce Market Committee Kurduwadi","6840060","APMC Kurduwadi Market yard, Tembhurni Road","Solapur","MAHARASHTRA","1147","18-Jan-2024","17-Jan-2029","9284915656","Active",""
"NEETA BIYANI","Aai Ekveera Cold Storage","7074248","Gat No.-376/2, Naigao Budruk","Dhule","MAHARASHTRA","6202","22-Apr-2025","21-Apr-2030","9823442140","Active",""
"StarAgriWarehousing CollateralManagementLimited","JAI WAREHOUSING CORPORATION","6868145","Godown No. - 5, Survey No. - 45/3, Mangrulpir Road,, At. - Barshitakli, Dist. - Akola","Akola","MAHARASHTRA","1496","21-Feb-2024","20-Nov-2028","9314058569","Active",""
"StarAgriWarehousing CollateralManagementLimited","SAU RITA AJIT GUPTA & SAU NEHA SARVESH SHRAWAGI & SHREYA SAURABH AGRAWAL","7015654","GODOWN NO 1 AT GUT NO 128 WADALI SATWAI, TQ AKOT DIST AKOLA 444101","Akola","MAHARASHTRA","2220","03-Feb-2025","02-Feb-2030","9314058569","Active",""
"StarAgriWarehousing CollateralManagementLimited","MANOHAR COLD STORAGE & AGROTECH","4091671","CHAMBER NO A,A1,B,B1, Gat No. - 423, Kupwad - Tanang Road,, A/p - Tanang, Tal - Miraj, Dist - Sangli","Sangli","MAHARASHTRA","820","30-Mar-2021","29-Mar-2026","9314058569","Active",""
"StarAgriWarehousing CollateralManagementLimited","Star Agri Warehousing & Collateral Management Limited C/o Ramabai Nandlal Agarwal","1006683","Godown No. 1 & 3, Plot No. 3, 4, 5, Survey No. 157/1, At Khanapur, Trimbakpur,","Akola","MAHARASHTRA","1410","01-Mar-2023","24-Mar-2028","9314058569","Active",""
"Maharashtra State Warehousing Corporation","MAHARASHTRA STATE WAREHOUSING CORPORATION, WAI BAZAR","6584734","Mahur Kinwat Rd., APMC Market Yard Wai Bazar,, WAI BAZAR","Nanded","MAHARASHTRA","3150","30-May-2022","29-May-2027","9960440933","Active",""
"National Commodities Management Services Limited","NCML own warehouse, Hinganghat","7114200","Survey No. 78 & 79 Village Chichghat (Rathi), Tehsil Hinganghat","Wardha","MAHARASHTRA","19800","17-Jul-2025","16-Jan-2028","8208091284","Active",""
"Maharashtra State Warehousing Corporation","Maharashtra State Warehousing Corporation, Undri","6593826","Chikhali Road, Undri,","Buldana","MAHARASHTRA","2000","13-Jun-2022","12-Jun-2027","8855899877","Active",""
"Kirandevi Poddar","Kirandevi poddar","6987390","Survey No. 436/1, 3, 4, 5, Mouza- Gumthala, Bhandara Road, Nagpur","Nagpur","MAHARASHTRA","4419","18-Oct-2024","17-Oct-2027","9890954625","Active",""
"Rajtara Warehouses","Rajtara Warehouses","6931414","Gut No.68 Nandgaon Road Latur,","Latur","MAHARASHTRA","10847","16-May-2024","15-May-2026","7721910111","Active",""
"National Commodities Management Services Limited","ADITI GAJANAN SHROWGI","6959944","SURVEY NO.-10/A/2, VILLAGE- THAR , TALUKA- TELHARA,","Akola","MAHARASHTRA","4971","22-Jul-2024","21-Jan-2029","7387056402","Active",""
"National Commodities Management Services Limited","SHREE SALASAR CORPORATION","6704613","HIWARKHED ROAD, TAL.,","Akola","MAHARASHTRA","3250","31-Mar-2023","30-Sep-2027","7387056402","Active",""
"National Commodities Management Services Limited","Arihant Udyog","2471651","Compartment no.1,Survey No. plot no. N-126, MIDC 4 Akola","Akola","MAHARASHTRA","2668","12-Jul-2024","08-Feb-2029","7387056402","Active",""
"National Commodities Management Services Limited","National Collateral Management Services Limited","1004639","C/o Ambika Warehouse, Godown No. 1&2, Sy. No. 24/1, Telhara,","Akola","MAHARASHTRA","3335","26-May-2023","26-Nov-2027","7387056402","Active",""
"RAJTARA VENTURES PRIVATE LIMITED","RAJTARA VENTURES PRIVATE LIMITED","6949051","GUT NO 76 77, NANDGAON ROAD BHAMBRI CHOWK","Latur","MAHARASHTRA","12320","21-Jun-2024","20-Jun-2029","7721910111","Active",""
"DEVA WAREHOUSES","DEVA WAREHOUSES","7065600","GUT NO 71,72,","Parbhani","MAHARASHTRA","30000","07-Apr-2025","06-Jan-2030","9975765001","Active",""
"National Commodities Management Services Limited","Asha Vijay Agrawal Warehouse","6547020","NCML C/O Plot no 1 Survey no 11 Mouja Jogban Hiwarkhed raod At Po Akot Village: Akot, Taluka Akot Dist : Akola Maharashtra Pin 444101","Akola","MAHARASHTRA","3156","06-Mar-2025","23-Dec-2027","7387056402","Active",""
"National Commodities Management Services Limited","NCML OWN WAREHOUSE","6910624","NCML OWN WAREHOUSE GATE NO-443,OLD SERVEY NO-169/2,165/1,166/2,169/4B,AT/P-TANANG,TAL-MIRAJ,DIST-SANGLI,","Sangli","MAHARASHTRA","4677","11-Apr-2024","10-Oct-2028","8448397322","Active",""
"Agricultural Produce Market Committee Baramati, Jalochi Subyard","Agriculture Produce Market Committee Baramati, Jalochi subyard","6998918","Jalochi subyard, Jalochi-Pimpali road","Pune","MAHARASHTRA","1147","28-Nov-2024","27-Nov-2029","9860305093","Active",""
"APMC Deola","APMC Devala","7010796","New Market yard, Deola-Kalwan Road,","Nashik","MAHARASHTRA","1000","20-Jan-2025","19-Jan-2030","9881017378","Active",""
"Aroma organice agro producer company limited","Aroma Organice Agro Producer Co Ltd","7035181","Gat no 258, Bhokaramba, Renapur","Latur","MAHARASHTRA","2160","10-Mar-2025","09-Mar-2030","9404551000","Active",""
"APMC Karjat","APMC Karjat","6982714","Dahiwal tarfe Tal. Karjat,","Raigarh","MAHARASHTRA","1000","01-Oct-2024","30-Sep-2029","9200951253","Active",""
"Agriculture produce market committee, Narkhed","Agri.produce market comitee,Narkhed","7082886","APMC narkhed TQ.narkhed,","Nagpur","MAHARASHTRA","1147","30-Apr-2025","29-Apr-2030","7769824489","Active",""
"StarAgriWarehousing CollateralManagementLimited","SHWETA SANDEEP AGRAWAL","6537120","Godown No - 3 & 4, Survey No. - 148-6, Mouje Khanapur ,, Trambakpur, Tq. - Akot, Dist. - Akola","Akola","MAHARASHTRA","4978","13-Oct-2021","12-Apr-2026","9314058569","Active",""
"Maharashtra State Warehousing Corporation","Georai","6596977","MSWC, APMC Area,, Beed Road, Georai , Beed- 431127","Bid","MAHARASHTRA","6820","23-Jun-2022","22-Jun-2027","8788575878","Active",""
"SHREE JAGDAMBA LOGISTICS","SHREE JAGDAMBA LOGISTICS","6973804","MALEGAON KH., TAL BARAMATI DIST PUNE","Pune","MAHARASHTRA","20000","31-Aug-2024","30-Aug-2029","9623990000","Active",""
"CNX CORPORATION LIMITED","Rohini agrotech","9851645","gate no 19, Hisssa no 31/2 B, opposite shah lulla mahanager","Sangli","MAHARASHTRA","2305","24-Dec-2020","23-Dec-2025","9820159995","Active",""
"Central Warehousing Corporation","CW KOLHAPUR","6995401","SHAHU MARKET YARD,, KOLHAPUR","Kolhapur","MAHARASHTRA","14145","20-Nov-2024","19-Nov-2029","9766040846","Active",""
"Shree Shubham Logistics Limited","SHREE SHUBHAM LOGISTICS LIMITED C/O SULBHA NITIN AGRAWAL WAREHOUSE,","2211642","SURVEY NO.11, PLOT NO.04, MOUJE- JOGBAN,, TALUKA-AKOT, DISTRICT-AKOLA, MAHARASHTRA.","Akola","MAHARASHTRA","3202","22-Jan-2021","21-Jan-2026","9850377732","Active",""
"Yamada Logistics Private Limited","Yamada Logistic Limited c/o anirudh vimal kumar goenka","7002421","Warehouse no. 02 (part), gate no. 101/1,101/2,101/3,, opposite nilons factory, jalgaon mumbai highway, village musai bujru, taluka dharangaon, dist. jalgaon.","Jalgaon","MAHARASHTRA","3419","12-Dec-2024","11-Dec-2029","9977337303","Active",""
"APMC Dondaicha","Apmc Dondaicha","7001076","Nandurbar Road, Station Area,","Dhule","MAHARASHTRA","1000","09-Dec-2024","08-Dec-2029","9423917202","Active",""
"SHANTABAI DHUMAL","Banai Dnyaba Dhumal Agro Infratech And Value Addition Chain Telgaon(BK)","7037435","NH-5489 (Khamgaon-Sangola), Loknete Sunderrao S.S.S.I,North side,Krushnainagr, Telgaon(BK),Tq-Dharur","Bid","MAHARASHTRA","2000","12-Mar-2025","11-Mar-2030","9765145728","Active",""
"PHOENIX ENTERPRISES","PHOENIX ENTERPRISES","7069651","SR NO 472/1/A,","Nandurbar","MAHARASHTRA","7500","11-Apr-2025","10-Apr-2030","9923056090","Active",""
"Prashant Thote","M/S Gola Mdh Warehouse","6714513","Khasra No-128/4,Near Bhori Village Kamthik Guntala road,","Nagpur","MAHARASHTRA","6650","02-May-2023","01-May-2028","6361254542","Active",""
"S Manilal And Company","S Manilal & Company","7077399","Gat No. 268, Miraj Pandarpur Road","Sangli","MAHARASHTRA","1540","24-Apr-2025","23-Oct-2029","9922244118","Active",""
"StarAgriWarehousing CollateralManagementLimited","Shrinivas Engineering & Allied Works Private Limited","7128960","Godown No. 4, Plot No. D-89, MIDC, Nanded MH 431602","Nanded","MAHARASHTRA","2510","12-Aug-2025","11-Aug-2030","9314058569","Active",""
"Yamada Logistics Private Limited","Yamada Logistics Ltd C/O Karuna Santosh Dubey Warehouse","7001340","GT NO. 44 OSMAN NAGAR ROAD,, GUNDEGAON NANDED-431606","Nanded","MAHARASHTRA","1553","09-Dec-2024","08-Dec-2029","9977337303","Active",""
"VAISHNAVI COLD STORAGE","Vaishnavi Cold Storage","7107907","Gat No.104 Tasgaon Manerajuri Road Next to Anand Sagar School Tasgaon,","Sangli","MAHARASHTRA","1500","30-Jun-2025","29-Jun-2030","8551056840","Active",""
"JAYDEEP WANKHEDE","AULTUS WAREHOUSING AND COLD STORAGE","6998371","SR NO-314,PLOT NO-4 PUNE MARBLE SOC, PUNE","Pune","MAHARASHTRA","1432","26-Nov-2024","25-Nov-2029","9158274599","Active",""
"Padma Rathi","Padma Rathi Warehouse","7073430","Survey No.102 Mouza- Kolhi, Tah- Hinganghat, Dist- Wardha","Wardha","MAHARASHTRA","4815","22-Apr-2025","21-Oct-2029","9850308030","Active",""
"sahara warehousing services","Sahara Warehousing Services Godown1","7094857","gut no 66, behind rukmini gases, georai tanda","Aurangabad","MAHARASHTRA","10176","26-May-2025","25-May-2028","8409111111","Active",""
"SANT NAMDEV NAGRI SAHAKARI PAT SANSTHA MARYA DIST HINGOLI JI HINGOLI","SANT NAMDEV NAGARI SAHAKARI PATSANSTHA MARYADIT,HINGOLI","7115371","RAHOLI KHURD, TQ DIST HINGOLI","Hingoli","MAHARASHTRA","5800","18-Jul-2025","17-Jul-2030","9764555001","Active",""
"National Commodities Management Services Limited","Sakshi pravin chandak And Krishana Pravin chandak Warehouse","6695613","GUT NO 158 waldivthana Anjangaon road Akot,","Akola","MAHARASHTRA","3083","15-Mar-2023","14-Sep-2027","7387056402","Active",""
"Shree Shubham Logistics Limited","SONIKA NILESH PALIWAL WAREHOUSE,","6651426","GAT NO.193 AT WAI, POST - CHANDIKAPUR,, ANJANGAON ROAD, AKOT, DISTRICT-AKOLA, MAHARASHTRA.","Akola","MAHARASHTRA","2398","15-Nov-2022","14-Nov-2027","9850377732","Active",""
"Shree Shubham Logistics Limited","M/s Shree Shubham Logistics Limited","1003128","Gat No. 94 & 95, Barshi Road, Village - Murud Akola, Tehsil - Latur,","Latur","MAHARASHTRA","31200","31-Jan-2023","31-Mar-2028","7057329064","Active",""
"Shree Shubham Logistics Limited","SHREE SHUBHAM LOGISTICS LIMITED","6819817","CHAMBER NO.04, GAT NO.123/2/2, & 124/2,, JALGAON TO AURANGABAD ROAD,","Jalgaon","MAHARASHTRA","2740","20-Dec-2023","19-Dec-2028","9011326349","Active",""
"Shree Shubham Logistics Limited","C/O NIRMALA GOKULDAS CHANDAK WAREHOUSE,","6554133","GODOWN NO. A, B, C, D, E, F, & G, SITUATED AT GAT NO.09,, MOUZE -JOGBAN, G.P. WADALI SATWAI, HIWARKHED ROAD, AKOT.","Akola","MAHARASHTRA","4357","18-Feb-2022","17-Feb-2027","9850377732","Active",""
"NATIONAL BULK HANDLING CORPORATION PRIVATE LIMITED","SHRI NANA UJWANE WAREHOUSE","7064165","SHRI NANA UJWANE WAREHOUSE , G NO. 1,2,3,5,6,7,8, SURVEY NO 175, AT. MASA, TAL - AKOLA,","Akola","MAHARASHTRA","5733","04-Apr-2025","03-Oct-2026","9082604027","Active",""
"Shree Shubham Logistics Limited","SHREE SHUBHAM LOGISTICS LIMITED C/O INDU RAMNIVAS MALPANI WAREHOUSE,","9691658","WAREHOUSE A, B & C, GAT NO.4/5 JOGBAN,, WADALI SATWARI, HIWARKHED ROAD, NEXT TO RAILWAY CROSSING AKOT, DISTRICT-AKOLA.","Akola","MAHARASHTRA","2821","10-Dec-2020","09-Dec-2025","9850377732","Active",""
"Shree Shubham Logistics Limited","SHREE SHUBHAM LOGISTICS LIMITED C/O PRAMILA NARENDRA GUPTA WAREHOUSE,","4491649","CHAMBER NO. A, B, & C, GAT NO.73, MOUJE WADALI SATWAI,, HIWARKHED ROAD, AKOT, MAHARASHTRA-444101.","Akola","MAHARASHTRA","3091","29-Oct-2024","15-Dec-2026","9850377732","Active",""
"Shree Shubham Logistics Limited","NALINI SURESH KARALE WAREHOUSE","6651608","GAT NO.193, AT WAI, POST-CHANDIKAPUR,, ANJANGAON ROAD, AKOT, DISTRICT-AKOLA, MAHARASHTRA.","Akola","MAHARASHTRA","2398","16-Nov-2022","15-Nov-2027","9850377732","Active",""
"Shree Shubham Logistics Limited","C/O KAVITA NAVIN KUMAR CHANDAK WAREHOUSE,","6651152","CHAMBER NO.01 AND 02, GAT NO. 313, AKOT, DEORI ROAD,, MOUJE-BALEGAON, TEHSIL-AKOT, DISTRICT-AKOLA,","Akola","MAHARASHTRA","4900","14-Nov-2022","13-Nov-2027","9850377732","Active",""
"CNX CORPORATION LIMITED","Govind Agrotech","6989644","Gat No. 76, A/P Vasumbe,","Sangli","MAHARASHTRA","1000","29-Oct-2024","28-Oct-2029","9820159995","Active",""
"Shree Shubham Logistics Limited","C/O G B OIL PRODUCT AND WAREHOUSING,","6564488","GODOWN NO.01, GODOWN NO.02 AND GODOWN NO.03, PLOT NO. 50/1,, MOUZA-ISMAILPUR, PULGAON ROAD, ARVI, DISTRICT-WARDHA, MAHARASHTRA.","Wardha","MAHARASHTRA","3114","28-Mar-2022","27-Mar-2027","9960440143","Active",""
"StarAgriWarehousing CollateralManagementLimited","GARGI WAREHOUSE","6536221","Godown No.  1, Gat No.246, Babhulgaon,, Tq & Dist. - Nanded","Nanded","MAHARASHTRA","1000","07-Oct-2021","06-Oct-2026","9314058569","Active",""
"STEINWEG-SHARAF INDIA PRIVATE LIMITED","Steinweg Sharaf India Pvt Ltd C/O Sai Samarth WH","7001977","Gut no 202, Unit No 02,, Bhainsha Road Bhokar, TQ Bhokar","Nanded","MAHARASHTRA","1000","10-Dec-2024","09-Jun-2029","9584847450","Active",""
"StarAgriWarehousing CollateralManagementLimited","SAU. RITA AJIT GUPTA & SAU. NEHA SARVESH SHRAWAGI & SHREYA SAURABH AGRAWAL","6841951","Godown No. - 2, GUT NO. 128, WADALI SATWAI, TQ. - AKOT , DIST. - AKOLA","Akola","MAHARASHTRA","2223","20-Jan-2024","19-Jan-2029","9314058569","Active",""
"StarAgriWarehousing CollateralManagementLimited","RUPALI PRAFUL OSTWAL Godown","6900724","Gut No. - 100, At - Village - Pimpri (BK), Tq. - Silod, dist. - Aurangabad","Aurangabad","MAHARASHTRA","1500","30-Mar-2024","29-Dec-2028","9314058569","Active",""
"S Manilal And Company","S Manilal & Company","7077480","Gat No-268, Miraj Pandarpur Road","Sangli","MAHARASHTRA","6800","24-Apr-2025","23-Oct-2029","9370619383","Active",""
"Deepa Kshirsagar","KESONA WAREHOUSING CORPORATION","7079015","AT DHARWATI TANDA, DHARMAPURI ROAD, PARLI,","Bid","MAHARASHTRA","17500","28-Apr-2025","27-Apr-2030","9850243535","Active",""
"Arvind Patel","Navin Warehouse","7079106","Survey No. 989/9, Village Umari, Tehsil Kamptee","Nagpur","MAHARASHTRA","2300","28-Apr-2025","27-Oct-2029","9109935623","Active",""
"NATIONAL BULK HANDLING CORPORATION PRIVATE LIMITED","SHOBHA SHUBHASH KHANDELWAL","7064074","GD NO 1 , 2 S/NO 99, GUT NO 202 , PART 1 ,, MAUJA - KUMBHARI , TAL - AKOLA","Akola","MAHARASHTRA","6716","04-Apr-2025","03-Oct-2026","9082604027","Active",""
"Mahesh Gadave","Venkatesh Industries and Cold Storage","7079288","Plot no 6,7,8, MIDC Miraj","Sangli","MAHARASHTRA","987","28-Apr-2025","27-Oct-2029","9850819292","Active",""
"Katpur Agro Producer Company Limited","KATPUR AGRO PRODUCER COMPANY LTD","7106552","GATE NO 99/1, KATPUR, POST-BABHALGAON, TEHSIL-LATUR","Latur","MAHARASHTRA","2060","26-Jun-2025","25-Jun-2030","8149888556","Active",""
"Asmita Khurpe","Alok Rural Godown","7118433","Gat No 265 , NH 61, GADI ROAD","Bid","MAHARASHTRA","4847","23-Jul-2025","22-Jul-2030","9422241629","Active",""
"Jitendar Jain","Shri Abhijith Traders warehouse","7110158","Plot No. A 16 K. H. No. 175/1/3/15/A-16, Mouza Mahalgaon Navkar Logistic Park Bhandara Road Tah Kamptee","Nagpur","MAHARASHTRA","2550","08-Jul-2025","07-Jan-2030","8105714385","Active",""
"Akshay Bardiya","Nandani Warehouse","7001431","Gat No.251/B,A/C No.10502,Plot No.13,","Kolhapur","MAHARASHTRA","1808","09-Dec-2024","08-Dec-2029","8956354355","Active",""
"Basant Agro Tech (India) Limited","Basant Agro Tech (I) Limited - Sanjivani Cold Storage (Unit 1)","7106644","Gat No 55 Kumbhari Road, Near Pragati Dal Mill","Akola","MAHARASHTRA","5024","26-Jun-2025","25-Jun-2030","9766005843","Active",""
"ASHISH AGRAWAL","Ashish Agrawal","7095482","Kh. No. 113, Mouza- Mahalgoan, Tah. Kamptee Dist. Nagpur","Nagpur","MAHARASHTRA","3960","26-May-2025","25-May-2030","9049455222","Active",""
"Yamada Logistics Private Limited","YAMADA LOGISTICS LIMITED C/O OMPRAKSH DEODATTA GUPTA WAREHOUSE","6821250","GODOWN NO.1 ,SHET SURVEY NO. 18/2B,PLOT NO.1 & GODOWN NO.7, SHET, SURVEY NO. 18/3,PLOT NO. 7 GRAMPANCHAYAT- DORLI DOLAMBA NAGPUR ROAD,","Yavatmal","MAHARASHTRA","2418","21-Dec-2023","20-Jun-2028","9977337303","Active",""